Product ID,Part number,SAP code,Category,Match,Local image path
fpc1-16-seal-seal-fire-blk-4-sqm-fg02241,FPC1/16 SEAL SEAL FIRE BLK 4 SQM,FG02241,parts,live source card: same source id + SAP + name,assets/products/20260922111727-3jKbyZ4YoA.jpg
j1215p16-seal-fg02220,J1215P16 SEAL,FG02220,parts,live source card: same source id + SAP + name,assets/products/20260922112413-3wpWnuvYAH.jpg
psd90-3ac-fg02196,PSD90-3AC,FG02196,parts,live source card: same source id + SAP + name,assets/products/20260923055354-lzkMtr5reG.jpg
fe151-000-42-fg02195,FE151-000-42,FG02195,parts,live source card: same source id + SAP + name,assets/products/20260923060726-Vb2zfWdK1S.jpg
r1191-7-7-16-20-fg02194,R1191-7(7/16-20),FG02194,parts,live source card: same source id + SAP + name,assets/products/20260923055858-4inZfeE67H.jpg
fe151-000-41-fg02150,FE151-000-41,FG02150,parts,live source card: same source id + SAP + name,assets/products/20260923061005-2R1EiHKHR5.jpg
g411-go-no-go-gage-m22520-39-01-fg02145,G411 GO / NO-GO GAGE M22520/39-01,FG02145,parts,live source card: same source id + SAP + name,assets/products/20260923061950-Gph4nGqY47.jpg
g329-gage-go-0830-no-go-0890-fg02144,G329 GAGE GO .0830 - NO-GO .0890,FG02144,parts,live source card: same source id + SAP + name,assets/products/20260923062248-ltD8wUheF1.jpg
g328-gage-go-0590-no-go-0650-fg02143,G328 GAGE GO .0590 - NO-GO .0650,FG02143,parts,live source card: same source id + SAP + name,assets/products/20260923062318-4BILLIA0rs.jpg
g327-gage-go-0510-no-go-057090173021-fg02142,G327 GAGE GO .0510 - NO-GO .057090173021,FG02142,parts,live source card: same source id + SAP + name,assets/products/20260923062430-x7zA9cOncn.jpg
sandpaper-mm-102x114-fg02140,SANDPAPER-MM-102X114,FG02140,parts,live source card: same source id + SAP + name,assets/products/20260923062646-bSS7zzcqdi.jpg
ms20995f41-1lb-fg02133,MS20995F41-1LB,FG02133,parts,live source card: same source id + SAP + name,assets/products/20260923062800-UNSZk6azaY.jpg
m83248-1-228-fg02131,M83248-1-228,FG02131,parts,live source card: same source id + SAP + name,assets/products/20260923062936-AgCPJis7gK.jpg
m83248-1-018-fg02130,M83248-1-018,FG02130,parts,live source card: same source id + SAP + name,assets/products/20260923063101-JJm0HTZ1a6.jpg
molykote-55-o-ring-100-gm-tube-fg02128,MOLYKOTE-55-O-RING-100-GM-TUBE,FG02128,parts,live source card: same source id + SAP + name,assets/products/20260923063245-n9d0NalyUj.jpg
ja14e0225003-fg02123,JA14E0225003,FG02123,parts,live source card: same source id + SAP + name,assets/products/20260923063348-uJu6HGCVHD.jpg
wl305-fg02102,WL305,FG02102,parts,live source card: same source id + SAP + name,assets/products/20260923064233-SXA1BkzD6k.jpg
sj3527blk1adh-1inch-x-50yards-fg02099,SJ3527BLK1ADH(1INCH X 50YARDS),FG02099,parts,live source card: same source id + SAP + name,assets/products/20260923064109-PBbybI3GXB.jpg
ma30a1017-fg02087,MA30A1017,FG02087,parts,live source card: same source id + SAP + name,assets/products/20260923064430-DmeuUXQuMX.jpg
emb-00053-001-fg02067,EMB-00053-001,FG02067,parts,live source card: same source id + SAP + name,assets/products/20260923064538-tpqtOeTJkI.jpg
pt-ei-n1cr-set-fg02032,PT-EI-N1CR-SET,FG02032,parts,live source card: same source id + SAP + name,assets/products/20260923065216-5u5RfblQMl.jpg
vac-valve-401c-fg02029,VAC-VALVE-401C,FG02029,parts,live source card: same source id + SAP + name,assets/products/20260923065327-Ta8uKdQNtm.jpg
stabondc-111-1pint-fg02026,STABONDC-111-1PINT,FG02026,parts,live source card: same source id + SAP + name,assets/products/20260923065458-OnPDlBXeRR.jpg
trvc5-fg02015,TRVC5,FG02015,parts,live source card: same source id + SAP + name,assets/products/20260923065601-mYWKA6HuiL.jpg
trrg-30-fg02014,TRRG 30,FG02014,parts,live source card: same source id + SAP + name,assets/products/20260923065732-rdeyNhzaUR.jpg
trc4-fg02013,TRC4,FG02013,parts,live source card: same source id + SAP + name,assets/products/20260923070005-ntJ8bLiTuA.jpg
m83461-1-379-fg02012,M83461-1-379,FG02012,parts,live source card: same source id + SAP + name,assets/products/20260923070823-XMLOI9dwBi.jpg
varglas-silicone-rubber-sleeving-1-ft-lg-fg02005,VARGLAS SILICONE RUBBER SLEEVING -(1-FT-LG),FG02005,parts,live source card: same source id + SAP + name,assets/products/20260923071006-tkIItbDujR.jpg
ms20995nc51-fg02002,MS20995NC51,FG02002,parts,live source card: same source id + SAP + name,assets/products/20260923071218-V7OLN50E1k.jpg
ms20995n40-fg02001,MS20995N40,FG02001,parts,live source card: same source id + SAP + name,assets/products/20260923071514-UAJ8nZyACF.jpg
ms20995n32-fg02000,MS20995N32,FG02000,parts,live source card: same source id + SAP + name,assets/products/20260923071646-Rr6ojT5XzH.jpg
4798-9-fg01980,4798.9,FG01980,parts,live source card: same source id + SAP + name,assets/products/20260923071910-rLtHrgxj16.jpg
helicoil-insert-free-running-unf-3-8-24x1-5d-fg01979,HELICOIL INSERT FREE RUNNING UNF 3/8-24X1.5D,FG01979,parts,live source card: same source id + SAP + name,assets/products/20260923072026-1TPlNe7hd0.jpg
60094151-2-5mmx50mt-fg01976,60094151-2.5MMX50MT,FG01976,parts,live source card: same source id + SAP + name,assets/products/20260923072137-EmLUYNhW2U.jpg
ag723000-27-fg01972,AG723000-27,FG01972,parts,live source card: same source id + SAP + name,assets/products/20260923072403-G7DaazE1SA.jpg
rd-ac-1031-fg01954,RD-AC-1031,FG01954,parts,live source card: same source id + SAP + name,assets/products/20260923073044-JgsaXtAcUZ.png
nsa936020-01n-fg01950,NSA936020-01N,FG01950,parts,live source card: same source id + SAP + name,assets/products/20260923073221-lK4j5JzWdk.png
protex-20v-36inx60yd-fg01947,PROTEX 20V-36INX60YD,FG01947,parts,live source card: same source id + SAP + name,assets/products/20260923073430-Mlda3OWPRl.png
protex-10vs-36inx60yd-fg01946,PROTEX 10VS-36INX60YD,FG01946,parts,live source card: same source id + SAP + name,assets/products/20260923073534-aS9QbMjENI.png
ms29513-033-fg01939,MS29513-033,FG01939,parts,live source card: same source id + SAP + name,assets/products/20260923073735-K0TduSoZ2u.png
din65399-2414bf-fg01925,DIN65399-2414BF,FG01925,parts,live source card: same source id + SAP + name,assets/products/20260923084339-sX3sSVNhot.png
576742-fg01905,576742,FG01905,parts,live source card: same source id + SAP + name,assets/products/20260923085812-FVQQhJeNcM.jpg
66243411393-fg01904,66243411393,FG01904,parts,live source card: same source id + SAP + name,assets/products/20260923090054-cC8AtbPXbj.jpg
uw13326050-fg01903,UW13326050,FG01903,parts,live source card: same source id + SAP + name,assets/products/20260930075927-4h5fNneVQw.jpg
ms15795-806-fg01902,MS15795-806,FG01902,parts,live source card: same source id + SAP + name,assets/products/20260923090937-Q8OmRItefR.jpg
d22326004-1-fg01872,D22326004-1,FG01872,parts,live source card: same source id + SAP + name,assets/products/20260923103141-ropfIP9IHs.jpg
avt300a-fg01871,AVT300A,FG01871,parts,live source card: same source id + SAP + name,assets/products/20260923103306-EjaTqlzhoi.jpg
6066c-fg01870,6066C,FG01870,parts,live source card: same source id + SAP + name,assets/products/20260923103448-MdGSyWC8Wy.jpg
6060a-fg01869,6060A,FG01869,parts,live source card: same source id + SAP + name,assets/products/20260923102602-8zEQLFLDdm.jpg
20200-0316-fg01864,20200-0316,FG01864,parts,live source card: same source id + SAP + name,assets/products/20260923102944-MMDR3hRRkD.jpg
20200-0314-fg01863,20200-0314,FG01863,parts,live source card: same source id + SAP + name,assets/products/20260923103006-Z2iIHDfEk4.jpg
256a3580-1-fg01861,256A3580-1,FG01861,parts,live source card: same source id + SAP + name,assets/products/20260923103817-f9vRQZ6mTP.jpg
ss-5540-fg01818,SS-5540,FG01818,parts,live source card: same source id + SAP + name,assets/products/20260923103909-ma5jsbHftg.jpg
a103gt-fg01805,A103GT,FG01805,parts,live source card: same source id + SAP + name,assets/products/20261001070740-m97gw5hUws.jpg
ms-ig-fk0-fg01797,MS-IG-FK0,FG01797,parts,live source card: same source id + SAP + name,assets/products/20261001070844-vBPnrE5m96.jpg
ms24693c268-fg01786,MS24693C268,FG01786,parts,live source card: same source id + SAP + name,assets/products/20261001070938-iJvu1zA15Y.jpg
7500029-fg01771,7500029,FG01771,parts,live source card: same source id + SAP + name,assets/products/20261001071102-cW3VVf2Oip.jpg
14330-342-fg01770,14330-342,FG01770,parts,live source card: same source id + SAP + name,assets/products/20261001071128-7gXRQU04Hf.jpg
qdriver2-fg01764,QDRIVER2,FG01764,parts,live source card: same source id + SAP + name,assets/products/20261001071230-pq47VZgvm1.jpg
hl19pb6-5-fg01761,HL19PB6-5,FG01761,parts,live source card: same source id + SAP + name,assets/products/20261001071754-meSnGLeMl4.jpg
ma17sk-1-bsp-fg01758,MA17SK 1 BSP,FG01758,parts,live source card: same source id + SAP + name,assets/products/20261001071912-zOyddyRmv7.jpg
ma15sk-3-4-bsp-fg01756,MA15SK 3/4 BSP,FG01756,parts,live source card: same source id + SAP + name,assets/products/20261001072028-VivF3SStim.jpg
fa17sk-1-bsp-fg01755,FA17SK 1 BSP,FG01755,parts,live source card: same source id + SAP + name,assets/products/20261001071402-T3if2fGA2V.jpg
fa15sk-3-4-bsp-fg01754,FA15SK 3/4 BSP,FG01754,parts,live source card: same source id + SAP + name,assets/products/20261001071553-CH0wkRdHPV.jpg
j1100204-fg01742,J1100204,FG01742,parts,live source card: same source id + SAP + name,assets/products/20261001071655-2a39bYScW1.jpg
ms29513-030-fg01741,MS29513-030,FG01741,parts,live source card: same source id + SAP + name,assets/products/20261001072228-4fMfsMxyKP.jpg
m83248-1-128-fg01739,M83248-1-128,FG01739,parts,live source card: same source id + SAP + name,assets/products/20261001072309-ItbhlGx8a8.jpg
nas1836-08-07m-fg01738,NAS1836-08-07M,FG01738,parts,live source card: same source id + SAP + name,assets/products/20261001073554-Bw4pj7lJ2K.jpg
hl111vap6-7-fg01737,HL111VAP6-7,FG01737,parts,live source card: same source id + SAP + name,assets/products/20261001073728-fdnbxLcxkF.jpg
ms24678-9-fg01736,MS24678-9,FG01736,parts,live source card: same source id + SAP + name,assets/products/20261001073827-RF95ZUSO59.jpg
abs0338-01-fg01734,ABS0338-01,FG01734,parts,live source card: same source id + SAP + name,assets/products/20261001073935-CtpdRxKNeM.jpg
3614-fg01729,3614,FG01729,parts,live source card: same source id + SAP + name,assets/products/20261001074047-1kj0wudsx6.jpg
3613-fg01728,3613,FG01728,parts,live source card: same source id + SAP + name,assets/products/20261001074229-slOcRnC6o9.jpg
3612-fg01727,3612,FG01727,parts,live source card: same source id + SAP + name,assets/products/20261001074350-jelHvf7KHW.jpg
3611-fg01726,3611,FG01726,parts,live source card: same source id + SAP + name,assets/products/20261001074634-whz4Jg9T96.jpg
r1185-10-5-8-11-inch-fg01724,R1185-10(5/8-11 INCH),FG01724,parts,live source card: same source id + SAP + name,assets/products/20261001074519-3ZgtTzJ3Jh.jpg
m83536-16-024m-fg01685,M83536/16-024M,FG01685,parts,live source card: same source id + SAP + name,assets/products/20261001065332-ByroRu7fNm.jpg
nas1611-008a-fg01681,NAS1611-008A,FG01681,parts,live source card: same source id + SAP + name,assets/products/20261001065431-NhKDD1sVX3.jpg
nas1611-012a-fg01680,NAS1611-012A,FG01680,parts,live source card: same source id + SAP + name,assets/products/20261001065456-d17Ed8dC9H.jpg
nas1611-031a-fg01679,NAS1611-031A,FG01679,parts,live source card: same source id + SAP + name,assets/products/20261001065551-x8eQvmLCKg.jpg
as3582-345-fg01678,AS3582-345,FG01678,parts,live source card: same source id + SAP + name,assets/products/20261001065617-q4k1H53kfm.jpg
sp123e-fg01677,SP123E,FG01677,parts,live source card: same source id + SAP + name,assets/products/20261001065742-oMj4ZTOfUl.jpg
stratiglass-2000-1-fg01666,STRATIGLASS-2000-1,FG01666,parts,live source card: same source id + SAP + name,assets/products/20261001065900-qKGByLaGlu.jpg
m81969-1-04-fg01659,M81969/1-04,FG01659,parts,live source card: same source id + SAP + name,assets/products/20261001070258-dz19YH9vwk.jpg
m81824-1-2-fg01658,M81824/1-2,FG01658,parts,live source card: same source id + SAP + name,assets/products/20261001070416-HoLMq3edLC.jpg
m81714-12-22d-2-fg01657,M81714/12-22D-2,FG01657,parts,live source card: same source id + SAP + name,assets/products/20261001070516-Ly696U3bho.jpg
m83519-2-8-fg01656,M83519/2-8,FG01656,parts,live source card: same source id + SAP + name,assets/products/20261001070611-UpvOSDVlOk.jpg
m83519-1-3-fg01655,M83519/1-3,FG01655,parts,live source card: same source id + SAP + name,assets/products/20261001064551-23BMVbyzfO.jpg
ms16995-30-fg01652,MS16995-30,FG01652,parts,live source card: same source id + SAP + name,assets/products/20261001064642-9bCCi0bA0j.jpg
nas1351-4-32p-fg01648,NAS1351-4-32P,FG01648,parts,live source card: same source id + SAP + name,assets/products/20261001064742-vs827tzlAd.jpg
ms27039-1-09-fg01643,MS27039-1-09,FG01643,parts,live source card: same source id + SAP + name,assets/products/20261001064833-KhZGggH3rM.jpg
ms29512-20-fg01642,MS29512-20,FG01642,parts,live source card: same source id + SAP + name,assets/products/20261001064921-uKHlib0Q5h.jpg
ms29513-270-fg01640,MS29513-270,FG01640,parts,live source card: same source id + SAP + name,assets/products/20261001065013-mhQH73yYDB.jpg
ms29513-115-fg01639,MS29513-115,FG01639,parts,live source card: same source id + SAP + name,assets/products/20261001065108-9Ssl41Uddb.jpg
ms29513-110-fg01638,MS29513-110,FG01638,parts,live source card: same source id + SAP + name,assets/products/20261001065205-tooRwA2Qw9.jpg
ms29512-10-fg01637,MS29512-10,FG01637,parts,live source card: same source id + SAP + name,assets/products/20261001065224-WaCm0dgbfD.jpg
ms24665-302-fg01636,MS24665-302,FG01636,parts,live source card: same source id + SAP + name,assets/products/20261001064452-XpKJZmdMPZ.jpg
ms24655-155-fg01635,MS24655-155,FG01635,parts,live source card: same source id + SAP + name,assets/products/20261001064358-ieop8sK09b.jpg
m83536-16-024l-fg01634,M83536/16-024L,FG01634,parts,live source card: same source id + SAP + name,assets/products/20260930074318-3jQPHRQNzv.jpg
m25988-1-212-fg01298,M25988-1-212,FG01298,parts,live source card: same source id + SAP + name,assets/products/20260930074727-wOJL9nLKN0.jpg
9794420400-fg01277,9794420400,FG01277,parts,live source card: same source id + SAP + name,assets/products/20260930074817-muhiWYJeSH.jpg
1a500-0087-fg01262,1A500-0087,FG01262,parts,live source card: same source id + SAP + name,assets/products/20260930075027-zOopo47hA2.jpg
prp568-336-5768-60-fg01166,PRP568-336-5768-60,FG01166,parts,live source card: same source id + SAP + name,assets/products/20260930075321-nrtIlSyNjS.jpg
ms20995c32-1lb-fg00918,MS20995C32-1LB,FG00918,parts,live source card: same source id + SAP + name,assets/products/20260930075438-oDEfH4p0ed.jpg
en3628-1-25mm-500gm-fg00827,EN3628-1.25MM-500GM,FG00827,parts,live source card: same source id + SAP + name,assets/products/20260930075554-uy94zee2eX.jpg
en3628-1-0mm-500gm-fg00826,EN3628-1.0MM-500GM,FG00826,parts,live source card: same source id + SAP + name,assets/products/20260930075725-K5hcfU9KAB.jpg
en3628-0-50mm-500gm-fg00823,EN3628-0.50MM-500GM,FG00823,parts,live source card: same source id + SAP + name,assets/products/20260930075750-Anp88AmoJ3.jpg
nas1612-6-fg00557,NAS1612-6,FG00557,parts,live source card: same source id + SAP + name,assets/products/20260930074907-dSClzUnVAQ.jpg
nas1611-011-fg00540,NAS1611-011,FG00540,parts,live source card: same source id + SAP + name,assets/products/20260923105110-MTxkwH3ILj.png
ms3367-4-9-fg00474,MS3367-4-9,FG00474,parts,live source card: same source id + SAP + name,assets/products/20260923105246-m2zqh9WHKe.png
m25988-4-210-fg00315,M25988/4-210,FG00315,parts,live source card: same source id + SAP + name,assets/products/20260923105410-MORJnIRKcs.png
hl17500-21-fg00297,HL17500-21,FG00297,parts,live source card: same source id + SAP + name,assets/products/20260923105541-jpMOEhI3JZ.jpg
en3155-016m2018-fg00289,EN3155-016M2018,FG00289,parts,live source card: same source id + SAP + name,assets/products/20260923105716-bOX0maLZOr.jpg
en2367-14010-fg00284,EN2367-14010,FG00284,parts,live source card: same source id + SAP + name,assets/products/20260923105857-YA0Vml39Jg.jpg
e0092-40-200nn-fg00276,E0092-40-200NN,FG00276,parts,live source card: same source id + SAP + name,assets/products/20260923104221-3Rg8oIcuPT.jpg
asn52320bh080n,ASN52320BH080N,FG00217,parts,live source card: same source id + SAP + name,assets/products/1782214866-6a3a70d21babb.png
4186a11k0410,4186A11K0410,FG00096,parts,live source card: same source id + SAP + name,assets/products/20260923104720-jI5yUF0w2s.jpg
ts212-3,TS212-3,FG00641,parts,live source card: same source id + SAP + name,assets/products/1781081625-6a2926199b333.png
tm1s6-c,TM1S6-C,FG00639,parts,live source card: same source id + SAP + name,assets/products/1781082400-6a292920c53d1.png
tg-ah486-310-310-10-1a-2606071442-720,TG-AH486-310-310-1.0-1A,FG01042,parts,live source card: same source id + SAP + name,assets/products/1781082613-6a2929f567356.png
s8990-266,S8990-266,FG01494,parts,live source card: same source id + SAP + name,assets/products/1781155586-6a2a470221d60.png
s2521305620000,S2521305620000,FG00618,parts,live source card: same source id + SAP + name,assets/products/1781155625-6a2a472967e04.png
s2738115923600,S2738115923600,FG00620,parts,live source card: same source id + SAP + name,assets/products/1781155645-6a2a473d6bdaf.png
s52879201-204,S52879201-204,FG01299,parts,live source card: same source id + SAP + name,assets/products/1781155606-6a2a4716e3509.png
rnf-3000-248-6-sp,RNF-3000-24/8-6-SP,FG01084,parts,live source card: same source id + SAP + name,assets/products/1781085532-6a29355c87d86.png
rnf-10034-2-sp,RNF-1003/4-2-SP,FG01098,parts,live source card: same source id + SAP + name,assets/products/1781085514-6a29354a4d32c.png
rnf-100-14-4-sp-2606071434-893,RNF-100-1/4-4-SP,FG00615,parts,live source card: same source id + SAP + name,assets/products/1781085444-6a2935041d1a2.png
rtv-188-6oz,RTV-188-6OZ,FG01465,parts,live source card: same source id + SAP + name,assets/products/1781085636-6a2935c4a517c.png
qz5111-750gm,QZ5111-750GM,FG01363,parts,live source card: same source id + SAP + name,assets/products/1781085333-6a2934958214c.png
rnf-100-34-2-stk,RNF-100-3/4-2-STK,FG01573,parts,live source card: same source id + SAP + name,assets/products/1781085469-6a29351d3ee11.png
rnf-100-316-x-stk-2606071434-837,RNF-100-3/16-X-STK,FG01332,parts,live source card: same source id + SAP + name,assets/products/1781085486-6a29352eeddb8.png
ray-103-60100-2606071433-934,RAY-103-6.0(100),FG00038,parts,live source card: same source id + SAP + name,assets/products/1781155260-6a2a45bc3eff8.png
rd-ac-1001-2606071433-575,RD-AC-1001,FG01123,parts,live source card: same source id + SAP + name,assets/products/1781155302-6a2a45e6ced8d.png
r134a-2606071433-139,R134A,FG01422,parts,live source card: same source id + SAP + name,assets/products/1781155128-6a2a4538305d5.png
qa05924,QA05924,FG01464,parts,live source card: same source id + SAP + name,assets/products/1781085294-6a29346e1f5cc.png
preval-1567,PREVAL-1567,FG01022,parts,live source card: same source id + SAP + name,assets/products/1781084864-6a2932c02e2f1.png
ra50a54-2606071433-397,RA50A54,FG00614,parts,live source card: same source id + SAP + name,assets/products/1781085353-6a2934a91f8af.png
qb0701,QB0701,FG01309,parts,live source card: same source id + SAP + name,assets/products/1781085311-6a29347f0f7ee.png
ps701-6286-007,PS701-6286-007,FG00613,parts,live source card: same source id + SAP + name,assets/products/1781085031-6a29336745323.png
ps701-6006-001,PS701-6006-001,FG00609,parts,live source card: same source id + SAP + name,assets/products/1781084959-6a29331fd44dc.png
ps701-6127-002,PS701-6127-002,FG00612,parts,live source card: same source id + SAP + name,assets/products/1781085012-6a29335484b25.png
ps701-6006-080-2606071432-947,PS701-6006-080,FG00610,parts,live source card: same source id + SAP + name,assets/products/1781084985-6a293339bf908.png
ps701-6006-082-2606071432-832,PS701-6006-082,FG00611,parts,live source card: same source id + SAP + name,assets/products/1781088183-6a293fb712115.png
pg138100-01-2606071430-487,PG138100-01,FG00607,parts,live source card: same source id + SAP + name,assets/products/1781087507-6a293d133409f.png
pd-240,PD-240,FG00605,parts,live source card: same source id + SAP + name,assets/products/1781154300-6a2a41fcee74e.png
pd-65,PD-65,FG00606,parts,live source card: same source id + SAP + name,assets/products/1781087390-6a293c9eacf28.png
pi-3108-ps-10,PI-3108 PS-10,FG00608,parts,live source card: same source id + SAP + name,assets/products/1781087538-6a293d32454b0.png
pc-flex-mask1030-8oz,PC-FLEX -MASK1030-8OZ,FG00948,parts,live source card: same source id + SAP + name,assets/products/1781087334-6a293c6626b9e.png
ol3112-2606071427-893,OL3112,FG00655,parts,live source card: same source id + SAP + name,assets/products/1781106291-6a298673b696e.png
ol6839-2606071427-931,OL6839,FG00657,parts,live source card: same source id + SAP + name,assets/products/1781106332-6a29869cc63f1.png
nta14451-06p048,NTA14451-06P048,FG00603,parts,live source card: same source id + SAP + name,assets/products/1781105906-6a2984f25c11c.png
nsa8203-138-2606071427-419,NSA8203-138,FG00596,parts,live source card: same source id + SAP + name,assets/products/1781105658-6a2983fa1f990.png
nta11551-3ndp-2606071427-149,NTA11551-3NDP,FG00602,parts,live source card: same source id + SAP + name,assets/products/1781105775-6a29846f67910.png
nsa9117-20s,NSA9117-20S,FG00600,parts,live source card: same source id + SAP + name,assets/products/1781105680-6a29841022d7b.png
nsa5067-08-2-2606071426-785,NSA5067-08-2,FG00585,parts,live source card: same source id + SAP + name,assets/products/1781153237-6a2a3dd5236b9.png
nsa8203-210-2606071426-153,NSA8203-210,FG00597,parts,live source card: same source id + SAP + name,assets/products/1781153771-6a2a3feb02d01.png
nsa835070-4c-2606071426-745,NSA835070-4C,FG00599,parts,live source card: same source id + SAP + name,assets/products/1781154012-6a2a40dc7fb10.png
nsa5516ca35nv,NSA5516CA35NV,FG00590,parts,live source card: same source id + SAP + name,assets/products/1781153391-6a2a3e6f33d0d.png
nsa8203-114-2606071426-990,NSA8203-114,FG00595,parts,live source card: same source id + SAP + name,assets/products/1781153745-6a2a3fd19bece.png
nta14451-06p095,NTA14451-06P095,FG00604,parts,live source card: same source id + SAP + name,assets/products/1781154080-6a2a412056cc5.png
nta11156-310,NTA11156-310,FG00601,parts,live source card: same source id + SAP + name,assets/products/1781154066-6a2a411218759.png
nsa8207-10-2606071426-953,NSA8207-10,FG00598,parts,live source card: same source id + SAP + name,assets/products/1781153899-6a2a406bcc2dc.png
nsa54207-3-03,NSA54207-3-03,FG00588,parts,live source card: same source id + SAP + name,assets/products/1781153918-6a2a407e6f534.png
nsa8207-5-2606071425-418,NSA8207-5,FG01295,parts,live source card: same source id + SAP + name,assets/products/1781153863-6a2a4047d8926.png
nas662c2r4-2606071425-754,NAS662C2R4,FG00577,parts,live source card: same source id + SAP + name,assets/products/1781151749-6a2a3805010f7.png
nsa8200-8-2606071425-123,NSA8200-8,FG00593,parts,live source card: same source id + SAP + name,assets/products/1781153724-6a2a3fbc86ec7.png
nas662c2r5-2606071425-71,NAS662C2R5,FG00578,parts,live source card: same source id + SAP + name,assets/products/1781151844-6a2a38645594b.png
nsa620c6,NSA620C6,FG00592,parts,live source card: same source id + SAP + name,assets/products/1781153117-6a2a3d5d48b65.png
nsa5050-4c-2606071425-470,NSA5050-4C,FG00584,parts,live source card: same source id + SAP + name,assets/products/1781153198-6a2a3dae843e5.png
nsa5474-3k7,NSA5474-3K7,FG01419,parts,live source card: same source id + SAP + name,assets/products/1781153364-6a2a3e54ed42c.png
nsa5527-03-07-2606071425-93,NSA5527-03-07,FG00591,parts,live source card: same source id + SAP + name,assets/products/1781153418-6a2a3e8a9a652.png
nsa5039-3-3-2606071425-78,NSA5039-3-3,FG00582,parts,live source card: same source id + SAP + name,assets/products/1781153146-6a2a3d7a24616.png
nsa5110-3-1-2606071425-970,NSA5110-3-1,FG00586,parts,live source card: same source id + SAP + name,assets/products/1781153340-6a2a3e3c7a86b.png
nsa5516-31nd-2606071425-487,NSA5516-31ND,FG00589,parts,live source card: same source id + SAP + name,assets/products/1781105626-6a2983da3957c.png
nsa55131-007-2606071425-371,NSA55131-007,FG01283,parts,live source card: same source id + SAP + name,assets/products/1781105722-6a29843a3aebd.png
nsa5147-4-2606071425-544,NSA5147-4,FG00587,parts,live source card: same source id + SAP + name,assets/products/1781105597-6a2983bd57590.png
nsa1153v4a,NSA1153V4A,FG00581,parts,live source card: same source id + SAP + name,assets/products/1781095545-6a295c79738d7.png
nas620-4l-2606071424-277,NAS620-4L,FG00573,parts,live source card: same source id + SAP + name,assets/products/1781093177-6a2953393a6b5.png
nsa5039-3-7-2606071424-494,NSA5039-3-7,FG00583,parts,live source card: same source id + SAP + name,assets/products/1781105567-6a29839f419dd.png
nozzle640,NOZZLE640,FG01339,parts,live source card: same source id + SAP + name,assets/products/1781095323-6a295b9bcd5a7.png
nas1993c2pt-2606071424-785,NAS1993C2PT,FG00566,parts,live source card: same source id + SAP + name,assets/products/1781095192-6a295b18ef522.png
nas6704u8-2606071424-812,NAS6704U8,FG00579,parts,live source card: same source id + SAP + name,assets/products/1781095269-6a295b65526e8.png
nas501-3-7a-2606071424-945,NAS501-3-7A,FG00568,parts,live source card: same source id + SAP + name,assets/products/1781092853-6a2951f554506.png
nas620c10l-2606071424-799,NAS620C10L,FG00575,parts,live source card: same source id + SAP + name,assets/products/1781093205-6a295355be891.png
nas2842-7t-2606071424-992,NAS2842-7T,FG00567,parts,live source card: same source id + SAP + name,assets/products/1781152998-6a2a3ce694a84.png
nas620c4-2606071424-838,NAS620C4,FG00576,parts,live source card: same source id + SAP + name,assets/products/1781151700-6a2a37d45b87f.png
nfl23321-03mm-500gm-2606071424-865,NFL23321-0.3MM-500GM,FG00927,parts,live source card: same source id + SAP + name,assets/products/1781153058-6a2a3d22f3b30.png
nas602-5,NAS602-5,FG00572,parts,live source card: same source id + SAP + name,assets/products/1781151668-6a2a37b4f3b68.png
nas620c10,NAS620C10,FG00574,parts,live source card: same source id + SAP + name,assets/products/1781151726-6a2a37eeb423b.png
nas514p632-9,NAS514P632-9,FG01417,parts,live source card: same source id + SAP + name,assets/products/1781151623-6a2a37879544d.png
nas601-6p-2606071423-872,NAS601-6P,FG00571,parts,live source card: same source id + SAP + name,assets/products/1781151639-6a2a37977ada4.png
nas9309m-4-04-2606071423-853,NAS9309M-4-04,FG00580,parts,live source card: same source id + SAP + name,assets/products/1781153018-6a2a3cfabd7dd.png
nas1801-08-11,NAS1801-08-11,FG01158,parts,live source card: same source id + SAP + name,assets/products/1781152951-6a2a3cb76051f.png
nas1921m04s05w,NAS1921M04S05W,FG00565,parts,live source card: same source id + SAP + name,assets/products/1781152977-6a2a3cd14c7d2.png
nas517-3-8-2606071423-704,NAS517-3-8,FG00569,parts,live source card: same source id + SAP + name,assets/products/1781093089-6a2952e1829ea.png
nas1836c08-8m-2606071423-99,NAS1836C08-8M,FG00564,parts,live source card: same source id + SAP + name,assets/products/1781095069-6a295a9d359fd.png
nas501-3-3a,NAS501-3-3A,FG01095,parts,live source card: same source id + SAP + name,assets/products/1781092802-6a2951c2eb743.png
nas1726-3e,NAS1726-3E,FG00560,parts,live source card: same source id + SAP + name,assets/products/1781094496-6a295860e6f0e.png
nas1726c3e-2606071423-595,NAS1726C3E,FG00561,parts,live source card: same source id + SAP + name,assets/products/1781094535-6a295887d4007.png
nas1672-5dl12,NAS1672-5DL12,FG00559,parts,live source card: same source id + SAP + name,assets/products/1781094418-6a29581228853.png
nas1611-019-2606071423-507,NAS1611-019,FG00544,parts,live source card: same source id + SAP + name,assets/products/1781093287-6a2953a7ca0cb.png
nas1612-5-2606071423-219,NAS1612-5,FG00556,parts,live source card: same source id + SAP + name,assets/products/1781094340-6a2957c48ace1.png
nas1612-3-2606071423-253,NAS1612-3,FG00555,parts,live source card: same source id + SAP + name,assets/products/1781093978-6a29565a14097.png
nas1580v4t10-2606071422-846,NAS1580V4T10,FG00538,parts,live source card: same source id + SAP + name,assets/products/1781093252-6a295384ba1ed.png
nas1766-4-2606071422-949,NAS1766-4,FG00562,parts,live source card: same source id + SAP + name,assets/products/1781094652-6a2958fc68cd5.png
nas1790c4r8p,NAS1790C4R8P,FG00563,parts,live source card: same source id + SAP + name,assets/products/1781094929-6a295a11d3462.png
nas1611-153-2606071422-36,NAS1611-153,FG00548,parts,live source card: same source id + SAP + name,assets/products/1781093418-6a29542ac5b44.png
nas1611-221-2606071422-363,NAS1611-221,FG00553,parts,live source card: same source id + SAP + name,assets/products/1781093756-6a29557c3b8f4.png
nas1612-6a-2606071422-156,NAS1612-6A,FG00558,parts,live source card: same source id + SAP + name,assets/products/1781094401-6a295801d33cb.png
nas1611-383a-2606071422-298,NAS1611-383A,FG00554,parts,live source card: same source id + SAP + name,assets/products/1781093919-6a29561fe04f7.png
nas1611-219a-2606071422-480,NAS1611-219A,FG00551,parts,live source card: same source id + SAP + name,assets/products/1781093450-6a29544a7da84.png
nas1613,NAS1613,FG01306,parts,live source card: same source id + SAP + name,assets/products/1781107937-6a298ce1dccfb.png
nas1611-112a-2606071422-582,NAS1611-112A,FG00547,parts,live source card: same source id + SAP + name,assets/products/1781107853-6a298c8da1e74.png
nas1611-220a-2606071422-846,NAS1611-220A,FG00552,parts,live source card: same source id + SAP + name,assets/products/1781107921-6a298cd119e00.png
nas1611-215-2606071422-904,NAS1611-215,FG00550,parts,live source card: same source id + SAP + name,assets/products/1781107896-6a298cb8ea3e3.png
nas1611-0115,NAS1611-0115,FG00541,parts,live source card: same source id + SAP + name,assets/products/1781107873-6a298ca1a21a0.png
nas1611-020-2606071422-651,NAS1611-020,FG00545,parts,live source card: same source id + SAP + name,assets/products/1781107829-6a298c756d9fd.png
nas1580c4t10-2606071422-932,NAS1580C4T10,FG00537,parts,live source card: same source id + SAP + name,assets/products/1781152453-6a2a3ac557b36.png
nas1352c06-6-2606071422-868,NAS1352C06-6,FG00536,parts,live source card: same source id + SAP + name,assets/products/1781152431-6a2a3aafd7d2f.png
nas1611-016-2606071422-338,NAS1611-016,FG00543,parts,live source card: same source id + SAP + name,assets/products/1781152745-6a2a3be9f4068.png
nas1611-211a-2606071422-51,NAS1611-211A,FG00549,parts,live source card: same source id + SAP + name,assets/products/1781152933-6a2a3ca5371d3.png
nas1611-027-2606071422-949,NAS1611-027,FG00546,parts,live source card: same source id + SAP + name,assets/products/1781152770-6a2a3c023181c.png
nas1611-015-2606071421-616,NAS1611-015,FG00542,parts,live source card: same source id + SAP + name,assets/products/1781152717-6a2a3bcd2ba4a.png
nas1169-10l-2606071421-850,NAS1169-10L,FG00532,parts,live source card: same source id + SAP + name,assets/products/1781152374-6a2a3a7684089.png
nas1149g0332p,NAS1149G0332P,FG00528,parts,live source card: same source id + SAP + name,assets/products/1781152237-6a2a39ed044f9.png
nas1153e20p-2606071421-396,NAS1153E20P,FG00530,parts,live source card: same source id + SAP + name,assets/products/1781152265-6a2a3a097a694.png
nas1149en832r-2606071421-372,NAS1149EN832R,FG00526,parts,live source card: same source id + SAP + name,assets/products/1781152160-6a2a39a011426.png
nas1200m3-5-2606071421-774,NAS1200M3-5,FG00534,parts,live source card: same source id + SAP + name,assets/products/1781152408-6a2a3a98e0bff.png
nas1587-6c-2606071421-932,NAS1587-6C,FG00539,parts,live source card: same source id + SAP + name,assets/products/1781107803-6a298c5bca70b.png
nas1169c10-2606071421-98,NAS1169C10,FG00533,parts,live source card: same source id + SAP + name,assets/products/1781107746-6a298c222c42a.png
nas1291co4m,NAS1291CO4M,FG00535,parts,live source card: same source id + SAP + name,assets/products/1781107773-6a298c3db3a6f.png
nas1102-08-16,NAS1102-08-16,FG00516,parts,live source card: same source id + SAP + name,assets/products/1781152003-6a2a39032730e.png
nas1149f0332p-2606071420-60,NAS1149F0332P,FG00527,parts,live source card: same source id + SAP + name,assets/products/1781152184-6a2a39b8ddbc5.png
nas1097ke5-20-2606071420-570,NAS1097KE5-20,FG00514,parts,live source card: same source id + SAP + name,assets/products/1781151931-6a2a38bb5de81.png
nas1149d0332j-2606071420-724,NAS1149D0332J,FG00521,parts,live source card: same source id + SAP + name,assets/products/1781152113-6a2a3971517c2.png
nas1102e3-14-2606071420-313,NAS1102E3-14,FG00519,parts,live source card: same source id + SAP + name,assets/products/1781152065-6a2a3941e3537.png
nas1102-3-10-2606071420-749,NAS1102-3-10,FG00517,parts,live source card: same source id + SAP + name,assets/products/1781151980-6a2a38ecbda38.png
nas1097ke5-10,NAS1097KE5-10,FG00513,parts,live source card: same source id + SAP + name,assets/products/1781151903-6a2a389f9e226.png
nas1097d4-12,NAS1097D4-12,FG01231,parts,live source card: same source id + SAP + name,assets/products/1781151883-6a2a388b2e7a2.png
nas1096-3-14,NAS1096-3-14,FG00037,parts,live source card: same source id + SAP + name,assets/products/1781151865-6a2a38798a891.png
naftoseal-mc780b2-250ml-kit,NAFTOSEAL-MC780B2-(250ML KIT),FG00889,parts,live source card: same source id + SAP + name,assets/products/1781151598-6a2a376ee8be7.png
ms51957-7,MS51957-7,FG00493,parts,live source card: same source id + SAP + name,assets/products/1781151397-6a2a36a55c9d5.png
mxp801-11,MXP801-11,FG01478,parts,live source card: same source id + SAP + name,assets/products/1781107648-6a298bc054bfb.png
ms51957-45-2606071419-108,MS51957-45,FG00489,parts,live source card: same source id + SAP + name,assets/products/1781107483-6a298b1b79ed5.png
ms9967-139-2606071419-15,MS9967-139,FG00509,parts,live source card: same source id + SAP + name,assets/products/1781107103-6a29899f2fee6.png
ms9967-135-2606071419-200,MS9967-135,FG00508,parts,live source card: same source id + SAP + name,assets/products/1781107080-6a298988eeb84.png
ms9967-116-2606071419-400,MS9967-116,FG00507,parts,live source card: same source id + SAP + name,assets/products/1781107047-6a298967d4182.png
na8561p4-12,NA8561P4-12,FG00511,parts,live source card: same source id + SAP + name,assets/products/1781107669-6a298bd587a0e.png
ms9696-08-2606071419-134,MS9696-08,FG00506,parts,live source card: same source id + SAP + name,assets/products/1781151137-6a2a35a1c2bdd.png
ms9967-212-2606071419-918,MS9967-212,FG00510,parts,live source card: same source id + SAP + name,assets/products/1781151154-6a2a35b2967fa.png
ms9371-16-2606071419-631,MS9371-16,FG00499,parts,live source card: same source id + SAP + name,assets/products/1781150911-6a2a34bf3058f.png
mxp147-2,MXP147-2,FG01477,parts,live source card: same source id + SAP + name,assets/products/1781151488-6a2a3700e95dc.png
ms9386-132-2606071419-708,MS9386-132,FG00504,parts,live source card: same source id + SAP + name,assets/products/1781151105-6a2a3581b9010.png
ms90354s0503-2606071419-596,MS90354S0503,FG00496,parts,live source card: same source id + SAP + name,assets/products/1781151470-6a2a36ee71037.png
ms51958-79-2606071419-617,MS51958-79,FG00495,parts,live source card: same source id + SAP + name,assets/products/1781151442-6a2a36d29bbb3.png
ms9372-019-2606071419-140,MS9372-019,FG00500,parts,live source card: same source id + SAP + name,assets/products/1781150944-6a2a34e0d41f0.png
ms9386-014-2606071418-573,MS9386-014,FG00502,parts,live source card: same source id + SAP + name,assets/products/1781150986-6a2a350aa6dc1.png
ms9245-65-2606071418-493,MS9245-65,FG00498,parts,live source card: same source id + SAP + name,assets/products/1781150872-6a2a3498df91b.png
ms9226-04-1lb-2606071418-504,MS9226-04-1LB,FG00497,parts,live source card: same source id + SAP + name,assets/products/1781150823-6a2a346711345.png
mxh74-30g,MXH74-30G,FG01476,parts,live source card: same source id + SAP + name,assets/products/1781107629-6a298bad4b316.png
ms9489-14-2606071418-695,MS9489-14,FG00505,parts,live source card: same source id + SAP + name,assets/products/1781106982-6a298926320b5.png
ms51975-29,MS51975-29,FG01204,parts,live source card: same source id + SAP + name,assets/products/1781107610-6a298b9a68670.png
ms9386-015-2606071418-685,MS9386-015,FG00503,parts,live source card: same source id + SAP + name,assets/products/1781106961-6a29891110f78.png
ms51957-6-2606071418-621,MS51957-6,FG00491,parts,live source card: same source id + SAP + name,assets/products/1781107335-6a298a873f88a.png
ms51957-60-2606071418-691,MS51957-60,FG00492,parts,live source card: same source id + SAP + name,assets/products/1781107349-6a298a95c81cc.png
ms51957-15-2606071418-187,MS51957-15,FG00486,parts,live source card: same source id + SAP + name,assets/products/1781107385-6a298ab9b0477.png
ms9385-09-2606071418-915,MS9385-09,FG00501,parts,live source card: same source id + SAP + name,assets/products/1781106927-6a2988ef80c21.png
ms51957-83-2606071418-770,MS51957-83,FG00494,parts,live source card: same source id + SAP + name,assets/products/1781107579-6a298b7b67c26.png
ms51957-43-2606071418-39,MS51957-43,FG00488,parts,live source card: same source id + SAP + name,assets/products/1781107437-6a298aed17d2e.png
ms51957-46-2606071418-823,MS51957-46,FG00490,parts,live source card: same source id + SAP + name,assets/products/1781107529-6a298b4996ff2.png
ms51957-29,MS51957-29,FG00487,parts,live source card: same source id + SAP + name,assets/products/1781107407-6a298acf54fd7.png
ms35338-134-2606071417-369,MS35338-134,FG00482,parts,live source card: same source id + SAP + name,assets/products/1781151332-6a2a366448e2c.png
ms35335-57-2606071417-391,MS35335-57,FG00481,parts,live source card: same source id + SAP + name,assets/products/1781151270-6a2a36265c2eb.png
ms28778-2-2606071417-945,MS28778-2,FG00459,parts,live source card: same source id + SAP + name,assets/products/1781151197-6a2a35dd1b9b7.png
ms3367-7-0-2606071417-514,MS3367-7-0,FG00477,parts,live source card: same source id + SAP + name,assets/products/1781150733-6a2a340d5a2bf.png
ms35207-265-2606071417-132,MS35207-265,FG00479,parts,live source card: same source id + SAP + name,assets/products/1781151242-6a2a360a3cee3.png
ms29561-247-2606071417-980,MS29561-247,FG00471,parts,live source card: same source id + SAP + name,assets/products/1781151220-6a2a35f4b2284.png
ms35335-61,MS35335-61,FG01625,parts,live source card: same source id + SAP + name,assets/products/1781151299-6a2a3643d61cb.png
ms3476w8-33s,MS3476W8-33S,FG01561,parts,live source card: same source id + SAP + name,assets/products/1781150793-6a2a3449dad60.png
ms35338-139,MS35338-139,FG00483,parts,live source card: same source id + SAP + name,assets/products/1781107308-6a298a6cef355.png
ms3520-260-2606071417-904,MS3520-260,FG00478,parts,live source card: same source id + SAP + name,assets/products/1781106904-6a2988d84d11c.png
ms3367-2-9-2606071417-361,MS3367-2-9,FG00472,parts,live source card: same source id + SAP + name,assets/products/1781106728-6a29882869c7a.png
ms3367-3-0-2606071416-217,MS3367-3-0,FG00473,parts,live source card: same source id + SAP + name,assets/products/1781106787-6a29886360133.png
ms29513-142-2606071416-594,MS29513-142,FG00468,parts,live source card: same source id + SAP + name,assets/products/1781107241-6a298a29997f5.png
ms28775-225,MS28775-225,FG01594,parts,live source card: same source id + SAP + name,assets/products/1781107122-6a2989b2a9216.png
ms29513-218-2606071416-45,MS29513-218,FG00469,parts,live source card: same source id + SAP + name,assets/products/1781107276-6a298a4c7a9e6.png
ms3367-6-0-2606071416-495,MS3367-6-0,FG00476,parts,live source card: same source id + SAP + name,assets/products/1781106880-6a2988c0e8bae.png
ms29513-118-2606071416-802,MS29513-118,FG00466,parts,live source card: same source id + SAP + name,assets/products/1781107203-6a298a0320d15.png
ms28778-4-2606071416-500,MS28778-4,FG01303,parts,live source card: same source id + SAP + name,assets/products/1781107164-6a2989dcd2fbf.png
ms29512-12,MS29512-12,FG01094,parts,live source card: same source id + SAP + name,assets/products/1781253262-6a2bc48e80bf8.png
ms29513-222-2606071416-332,MS29513-222,FG00470,parts,live source card: same source id + SAP + name,assets/products/1781253421-6a2bc52d6e5b6.png
ms29513-034-2606071416-337,MS29513-034,FG00465,parts,live source card: same source id + SAP + name,assets/products/1781253346-6a2bc4e21d87e.png
ms29513-009,MS29513-009,FG00463,parts,live source card: same source id + SAP + name,assets/products/1781253296-6a2bc4b098c96.png
ms28775-212-2606071416-300,MS28775-212,FG00455,parts,live source card: same source id + SAP + name,assets/products/1781252906-6a2bc32a0003e.png
ms29513-031-2606071416-644,MS29513-031,FG00464,parts,live source card: same source id + SAP + name,assets/products/1781253468-6a2bc55cbb21a.png
ms29513-127-2606071416-960,MS29513-127,FG00467,parts,live source card: same source id + SAP + name,assets/products/1781253379-6a2bc5033bc90.png
ms28775-0127,MS28775-0127,FG00448,parts,live source card: same source id + SAP + name,assets/products/1781252840-6a2bc2e86bba2.png
ms28778-5-2606071416-259,MS28778-5,FG00460,parts,live source card: same source id + SAP + name,assets/products/1781252938-6a2bc34a0328f.png
ms28775-211-2606071416-476,MS28775-211,FG00454,parts,live source card: same source id + SAP + name,assets/products/1781252877-6a2bc30d90634.png
ms28782-25-2606071416-829,MS28782-25,FG00461,parts,live source card: same source id + SAP + name,assets/products/1781253222-6a2bc4666826d.png
ms28775-142,MS28775-142,FG00453,parts,live source card: same source id + SAP + name,assets/products/1781163638-6a2a667614177.png
ms28775-109-2606071415-410,MS28775-109,FG00450,parts,live source card: same source id + SAP + name,assets/products/1781163571-6a2a66335dda8.png
ms28775-008,MS28775-008,FG00445,parts,live source card: same source id + SAP + name,assets/products/1781161742-6a2a5f0e2afad.png
ms28775-346-2606071415-205,MS28775-346,FG00458,parts,live source card: same source id + SAP + name,assets/products/1781163666-6a2a66920617e.png
ms28775-010-2606071415-64,MS28775-010,FG00446,parts,live source card: same source id + SAP + name,assets/products/1781163551-6a2a661fa4460.png
ms28773-04-2606071415-687,MS28773-04,FG00441,parts,live source card: same source id + SAP + name,assets/products/1781161545-6a2a5e49b3b94.png
ms24693-c50,MS24693-C50,FG00435,parts,live source card: same source id + SAP + name,assets/products/1781161219-6a2a5d03d2d48.png
ms28775-127-2606071415-627,MS28775-127,FG00452,parts,live source card: same source id + SAP + name,assets/products/1781163605-6a2a6655a836e.png
ms259881-152-2606071415-381,MS25988/1-152,FG00437,parts,live source card: same source id + SAP + name,assets/products/1781161427-6a2a5dd3777a7.png
ms24693-c29-2606071415-514,MS24693-C29,FG00431,parts,live source card: same source id + SAP + name,assets/products/1781161344-6a2a5d802e4c9.png
ms24693-c5-2606071415-196,MS24693-C5,FG00434,parts,live source card: same source id + SAP + name,assets/products/1781161294-6a2a5d4e0ca8a.png
ms24693-c4-2606071414-505,MS24693-C4,FG00432,parts,live source card: same source id + SAP + name,assets/products/1781252525-6a2bc1ad82bdd.png
ms24665-88-2606071414-545,MS24665-88,FG00425,parts,live source card: same source id + SAP + name,assets/products/1781252089-6a2bbff9d5558.png
ms28775-015-2606071414-41,MS28775-015,FG00449,parts,live source card: same source id + SAP + name,assets/products/1781252789-6a2bc2b52132c.png
ms27240-7-2606071414-626,MS27240-7,FG00439,parts,live source card: same source id + SAP + name,assets/products/1781252648-6a2bc228f1a6b.png
ms259882-032,MS25988/2-032,FG00438,parts,live source card: same source id + SAP + name,assets/products/1781252619-6a2bc20b2b575.png
ms28775-112-2606071414-659,MS28775-112,FG00451,parts,live source card: same source id + SAP + name,assets/products/1781252817-6a2bc2d18e596.png
ms24693-c26-2606071414-409,MS24693-C26,FG00428,parts,live source card: same source id + SAP + name,assets/products/1781252558-6a2bc1ce0ef3c.png
ms27980-7b-2606071414-402,MS27980-7B,FG00440,parts,live source card: same source id + SAP + name,assets/products/1781252677-6a2bc24587ce1.png
ms28775-011-2606071414-779,MS28775-011,FG00447,parts,live source card: same source id + SAP + name,assets/products/1781252758-6a2bc296336d2.png
ms24693-c27-2606071414-29,MS24693-C27,FG00429,parts,live source card: same source id + SAP + name,assets/products/1781252591-6a2bc1ef6b589.png
ms28774-015,MS28774-015,FG00443,parts,live source card: same source id + SAP + name,assets/products/1781161645-6a2a5ead6732e.png
ms24665-86-2606071414-521,MS24665-86,FG00424,parts,live source card: same source id + SAP + name,assets/products/1781160868-6a2a5ba415519.png
ms28741-4-0226-2606071414-590,MS28741-4-0226,FG01420,parts,live source card: same source id + SAP + name,assets/products/1781161453-6a2a5ded5c0be.png
ms24665-153,MS24665-153,FG00408,parts,live source card: same source id + SAP + name,assets/products/1781160996-6a2a5c2438f9e.png
ms28774-008,MS28774-008,FG00442,parts,live source card: same source id + SAP + name,assets/products/1781161575-6a2a5e678ede5.png
ms24665-304-2606071414-62,MS24665-304,FG00416,parts,live source card: same source id + SAP + name,assets/products/1781161054-6a2a5c5e5c822.png
ms24693-c271-2606071414-754,MS24693-C271,FG00430,parts,live source card: same source id + SAP + name,assets/products/1781161393-6a2a5db11c818.png
ms24693-c47-2606071414-656,MS24693-C47,FG00433,parts,live source card: same source id + SAP + name,assets/products/1781161361-6a2a5d911783e.png
ms24665-73-2606071414-103,MS24665-73,FG00423,parts,live source card: same source id + SAP + name,assets/products/1781160800-6a2a5b60957bb.png
ms24693-c24-2606071414-65,MS24693-C24,FG00426,parts,live source card: same source id + SAP + name,assets/products/1781161309-6a2a5d5d4edfb.png
ms24665-376-2606071413-502,MS24665-376,FG00421,parts,live source card: same source id + SAP + name,assets/products/1781161142-6a2a5cb63723d.png
ms24665-374,MS24665-374,FG00420,parts,live source card: same source id + SAP + name,assets/products/1781161116-6a2a5c9c7f7bd.png
ms21913v5p-2606071413-315,MS21913V5P,FG00402,parts,live source card: same source id + SAP + name,assets/products/1781251952-6a2bbf70c54fb.png
ms24665-151-2606071413-526,MS24665-151,FG00407,parts,live source card: same source id + SAP + name,assets/products/1781252150-6a2bc0369e1fd.png
ms24665-238-2606071413-527,MS24665-238,FG00413,parts,live source card: same source id + SAP + name,assets/products/1781252267-6a2bc0ab10b5e.png
ms24665-372-2606071413-711,MS24665-372,FG00419,parts,live source card: same source id + SAP + name,assets/products/1781252433-6a2bc1514b361.png
ms24665-155-2606071413-570,MS24665-155,FG00409,parts,live source card: same source id + SAP + name,assets/products/1781252185-6a2bc059a6763.png
ms24665-319,MS24665-319,FG01220,parts,live source card: same source id + SAP + name,assets/products/1781252399-6a2bc12fd00c3.png
ms21318-14,MS21318-14,FG01516,parts,live source card: same source id + SAP + name,assets/products/1781251913-6a2bbf499ce5c.png
ms24665-24-2606071413-818,MS24665-24,FG00414,parts,live source card: same source id + SAP + name,assets/products/1781252061-6a2bbfdd4716e.png
ms24665-306-2606071413-272,MS24665-306,FG00417,parts,live source card: same source id + SAP + name,assets/products/1781252372-6a2bc1140dfa8.png
ms24665-159,MS24665-159,FG00411,parts,live source card: same source id + SAP + name,assets/products/1781252232-6a2bc08820b9d.png
ms24665-157,MS24665-157,FG00410,parts,live source card: same source id + SAP + name,assets/products/1781252206-6a2bc06e47682.png
ms24665-134-2606071412-173,MS24665-134,FG00405,parts,live source card: same source id + SAP + name,assets/products/1781252118-6a2bc016b10f3.png
ms21914-4w-2606071412-708,MS21914-4W,FG00403,parts,live source card: same source id + SAP + name,assets/products/1781160778-6a2a5b4ab4c85.png
ms24665-210-2606071412-512,MS24665-210,FG00412,parts,live source card: same source id + SAP + name,assets/products/1781161021-6a2a5c3d4dc47.png
ms24665-355-2606071412-616,MS24665-355,FG00418,parts,live source card: same source id + SAP + name,assets/products/1781161099-6a2a5c8bbee7b.png
ms24665-1013,MS24665-1013,FG00404,parts,live source card: same source id + SAP + name,assets/products/1781161181-6a2a5cddbb91f.png
ms21318-13-2606071412-758,MS21318-13,FG00400,parts,live source card: same source id + SAP + name,assets/products/1781160499-6a2a5a33295fc.png
ms21076l3n,MS21076L3N,FG01608,parts,live source card: same source id + SAP + name,assets/products/1781159527-6a2a5667efd7d.png
ms24665-140-2606071412-326,MS24665-140,FG00406,parts,live source card: same source id + SAP + name,assets/products/1781160980-6a2a5c14ab03d.png
ms20995nc32-1lb-2606071412-151,MS20995NC32-1LB,FG00922,parts,live source card: same source id + SAP + name,assets/products/1781158678-6a2a5316abf19.png
ms21043-6-2606071412-902,MS21043-6,FG00397,parts,live source card: same source id + SAP + name,assets/products/1781159466-6a2a562aa1135.png
ms21069l3-2606071412-934,MS21069L3,FG00398,parts,live source card: same source id + SAP + name,assets/products/1781159487-6a2a563f2d728.png
ms21209f4-15-2606071412-131,MS21209F4-15,FG00399,parts,live source card: same source id + SAP + name,assets/products/1781159555-6a2a5683bde75.png
ms20995cy15-1lb,MS20995CY15-1LB,FG01553,parts,live source card: same source id + SAP + name,assets/products/1781251659-6a2bbe4bf29f1.png
ms20995c25-1lb,MS20995C25-1LB,FG00916,parts,live source card: same source id + SAP + name,assets/products/1781251455-6a2bbd7f59c8f.png
ms20995c41-1lb-2606071412-809,MS20995C41-1LB,FG00919,parts,live source card: same source id + SAP + name,assets/products/1781251627-6a2bbe2b64930.png
ms21042-3-2606071412-480,MS21042-3,FG00393,parts,live source card: same source id + SAP + name,assets/products/1781251731-6a2bbe93817a0.png
ms21042-04,MS21042-04,FG00391,parts,live source card: same source id + SAP + name,assets/products/1781251757-6a2bbead7b9ef.png
ms21043-08-2606071411-468,MS21043-08,FG00394,parts,live source card: same source id + SAP + name,assets/products/1781251885-6a2bbf2d8b90b.png
ms20995c22-1lb-2606071411-977,MS20995C22-1LB,FG00915,parts,live source card: same source id + SAP + name,assets/products/1781251428-6a2bbd6495f2c.png
ms21042-08,MS21042-08,FG00392,parts,live source card: same source id + SAP + name,assets/products/1781251787-6a2bbecb7e0a4.png
ms21043-4-2606071411-633,MS21043-4,FG00396,parts,live source card: same source id + SAP + name,assets/products/1781251853-6a2bbf0dbe269.png
ms20995cy20-1lb-2606071411-746,MS20995CY20-1LB,FG00920,parts,live source card: same source id + SAP + name,assets/products/1781251701-6a2bbe75a6de4.png
ms21043-3-2606071411-438,MS21043-3,FG00395,parts,live source card: same source id + SAP + name,assets/products/1781251816-6a2bbee802789.png
ms20995c30-1lb-2606071411-62,MS20995C30-1LB,FG00917,parts,live source card: same source id + SAP + name,assets/products/1781251493-6a2bbda5b64f1.png
ms20995n20-ilb,MS20995N20-ILB,FG00921,parts,live source card: same source id + SAP + name,assets/products/1781158634-6a2a52ea3ee75.png
ms20995c47-1lb,MS20995C47-1LB,FG01365,parts,live source card: same source id + SAP + name,assets/products/1781158598-6a2a52c654862.png
ms20615-5m14,MS20615-5M14,FG01270,parts,live source card: same source id + SAP + name,assets/products/1781158482-6a2a525286d46.png
ms20995c20-1lb-2606071411-492,MS20995C20-1LB,FG00914,parts,live source card: same source id + SAP + name,assets/products/1781158509-6a2a526d3dbc2.png
ms20426d4-14-2606071411-652,MS20426D4-14,FG00382,parts,live source card: same source id + SAP + name,assets/products/1781158084-6a2a50c42bf2c.png
ms20470ads-7,MS20470ADS-7,FG01403,parts,live source card: same source id + SAP + name,assets/products/1781158435-6a2a52231ac34.png
ms20615-5m10,MS20615-5M10,FG00390,parts,live source card: same source id + SAP + name,assets/products/1781158459-6a2a523b6efb0.png
ms20427m3-4-2606071410-439,MS20427M3-4,FG00386,parts,live source card: same source id + SAP + name,assets/products/1781158394-6a2a51fac2fd3.png
ms20034-1-2606071410-741,MS20034-1,FG00378,parts,live source card: same source id + SAP + name,assets/products/1781157966-6a2a504e1f9cb.png
ms16996-12-2606071410-414,MS16996-12,FG00374,parts,live source card: same source id + SAP + name,assets/products/1781157862-6a2a4fe648758.png
ms20426d5-12-2606071410-214,MS20426D5-12,FG00383,parts,live source card: same source id + SAP + name,assets/products/1781158370-6a2a51e29c70e.png
ms20426ad5-16,MS20426AD5-16,FG01173,parts,live source card: same source id + SAP + name,assets/products/1781251198-6a2bbc7e7da5e.png
ms20470d5-10,MS20470D5-10,FG00389,parts,live source card: same source id + SAP + name,assets/products/1781251353-6a2bbd1998b07.png
ms20470ad4-8-2606071410-415,MS20470AD4-8,FG00387,parts,live source card: same source id + SAP + name,assets/products/1781251267-6a2bbcc3d92cd.png
ms20470d4-16,MS20470D4-16,FG01269,parts,live source card: same source id + SAP + name,assets/products/1781251324-6a2bbcfc2692c.png
ms20002c10-2606071410-492,MS20002C10,FG00377,parts,live source card: same source id + SAP + name,assets/products/1781251027-6a2bbbd3e08f5.png
ms20470ad5-7-2606071410-137,MS20470AD5-7,FG00388,parts,live source card: same source id + SAP + name,assets/products/1781251299-6a2bbce338766.png
ms20426e5-13-2606071410-864,MS20426E5-13,FG00385,parts,live source card: same source id + SAP + name,assets/products/1781251234-6a2bbca2c48c0.png
ms20426ad5-8,MS20426AD5-8,FG00381,parts,live source card: same source id + SAP + name,assets/products/1781251169-6a2bbc618cbde.png
ms15795-807-2606071410-166,MS15795-807,FG00370,parts,live source card: same source id + SAP + name,assets/products/1781250885-6a2bbb4540489.png
ms20426a4-10-2606071410-914,MS20426A4-10,FG00379,parts,live source card: same source id + SAP + name,assets/products/1781251141-6a2bbc45d5cd6.png
ms17825-3-2606071410-650,MS17825-3,FG00375,parts,live source card: same source id + SAP + name,assets/products/1781250918-6a2bbb66501d5.png
ms15795-805-2606071410-628,MS15795-805,FG00369,parts,live source card: same source id + SAP + name,assets/products/1781157827-6a2a4fc39cb65.png
ms051015,MS051015,FG00847,parts,live source card: same source id + SAP + name,assets/products/1781259968-6a2bdec0b5c81.png
ms20426dd6-13a-2606071409-168,MS20426DD6-13A,FG00384,parts,live source card: same source id + SAP + name,assets/products/1781259949-6a2bdead3ad88.png
ms16995-10,MS16995-10,FG01617,parts,live source card: same source id + SAP + name,assets/products/1781259901-6a2bde7d0f530.png
ms15795-808-2606071409-474,MS15795-808,FG00371,parts,live source card: same source id + SAP + name,assets/products/1781259862-6a2bde5654bf7.png
ms122118-2606071409-502,MS122118,FG00368,parts,live source card: same source id + SAP + name,assets/products/1781257187-6a2bd3e33ad7e.png
ms16562-3,MS16562-3,FG01498,parts,live source card: same source id + SAP + name,assets/products/1781259880-6a2bde68d9e21.png
ms20002-5-2606071409-834,MS20002-5,FG00376,parts,live source card: same source id + SAP + name,assets/products/1781259923-6a2bde932fc94.png
ms14145-9,MS14145-9,FG01093,parts,live source card: same source id + SAP + name,assets/products/1781259834-6a2bde3aa86f2.png
ms-24693-c26-2606071409-743,MS-24693-C26,FG01404,parts,live source card: same source id + SAP + name,assets/products/1781250821-6a2bbb05ed52b.png
ms-28782-25,MS-28782-25,FG00462,parts,live source card: same source id + SAP + name,assets/products/1781250849-6a2bbb21c6218.png
microb-monitor2-fuel-test-kits-echa16mm02,MICROB MONITOR2 FUEL TEST KITS (ECHA16/MM/02),FG01077,parts,live source card: same source id + SAP + name,assets/products/1781259260-6a2bdbfc9b4c6.png
mil-c-5040h-type-iii-nat-1000ft,MIL-C-5040H TYPE-III - NAT-1000FT,FG00367,parts,live source card: same source id + SAP + name,assets/products/1781250038-6a2bb7f6b9b9f.png
mf-20-534,MF-20-534,FG01473,parts,live source card: same source id + SAP + name,assets/products/1781249921-6a2bb78147a83.png
mil-c-5040h-type-iii-blk-1000ft,MIL-C-5040H TYPE-III - BLK-1000FT,FG00366,parts,live source card: same source id + SAP + name,assets/products/1781250007-6a2bb7d724378.png
mf-20-003,MF-20-003,FG01474,parts,live source card: same source id + SAP + name,assets/products/1781249892-6a2bb76469fb1.png
m834611-135-2606071405-114,M83461/1-135,FG00359,parts,live source card: same source id + SAP + name,assets/products/1781249595-6a2bb63b7d43d.png
m834611-212,M83461/1-212,FG00361,parts,live source card: same source id + SAP + name,assets/products/1781249617-6a2bb6518133b.png
m87911-212,M8791/1-212,FG00365,parts,live source card: same source id + SAP + name,assets/products/1781257655-6a2bd5b7f3158.png
m834851-135,M83485/1-135,FG00363,parts,live source card: same source id + SAP + name,assets/products/1781259132-6a2bdb7cace09.png
mc10-04-105,MC10-04-105,FG01475,parts,live source card: same source id + SAP + name,assets/products/1781259151-6a2bdb8fccac1.png
m834611-110-2606071405-910,M83461/1-110,FG00358,parts,live source card: same source id + SAP + name,assets/products/1781259068-6a2bdb3cc0750.png
m832481-920-2606071405-613,M83248/1-920,FG00357,parts,live source card: same source id + SAP + name,assets/products/1781259029-6a2bdb15545eb.png
m832481-912-2606071405-557,M83248/1-912,FG00356,parts,live source card: same source id + SAP + name,assets/products/1781259002-6a2bdafa93263.png
m832481-117-2606071405-605,M83248/1-117,FG00339,parts,live source card: same source id + SAP + name,assets/products/1781258850-6a2bda6274c07.png
m83461-1-010-2606071405-528,M83461-1-010,FG00362,parts,live source card: same source id + SAP + name,assets/products/1781259115-6a2bdb6b58cb7.png
m834611-136-2606071405-345,M83461/1-136,FG00360,parts,live source card: same source id + SAP + name,assets/products/1781259089-6a2bdb516c76f.png
m832481-905-2606071405-710,M83248/1-905,FG00354,parts,live source card: same source id + SAP + name,assets/products/1781249539-6a2bb6035bb8c.png
m83461-1-134,M83461-1-134,FG01559,parts,live source card: same source id + SAP + name,assets/products/1781249649-6a2bb67108b8f.png
m87911-008-2606071405-780,M8791/1-008,FG00364,parts,live source card: same source id + SAP + name,assets/products/1781246912-6a2babc07053d.png
m832481-113-2606071405-357,M83248/1-113,FG00338,parts,live source card: same source id + SAP + name,assets/products/1781248863-6a2bb35f0023d.png
m832481-904-2606071404-220,M83248/1-904,FG00353,parts,live source card: same source id + SAP + name,assets/products/1781249502-6a2bb5deefa62.png
m832481-238,M83248/1-238,FG00351,parts,live source card: same source id + SAP + name,assets/products/1781249386-6a2bb56a0ea2f.png
m832481-143-2606071404-13,M83248/1-143,FG00345,parts,live source card: same source id + SAP + name,assets/products/1781248938-6a2bb3aacb702.png
m832481-154,M83248/1-154,FG00346,parts,live source card: same source id + SAP + name,assets/products/1781249283-6a2bb50399f22.png
m832481-214-2606071404-286,M83248/1-214,FG00348,parts,live source card: same source id + SAP + name,assets/products/1781249324-6a2bb52ca319a.png
m832481-216-2606071404-881,M83248/1-216,FG00349,parts,live source card: same source id + SAP + name,assets/products/1781249359-6a2bb54f0146a.png
m832481-224-2606071404-645,M83248/1-224,FG00350,parts,live source card: same source id + SAP + name,assets/products/1781258968-6a2bdad80b730.png
m832481-158-2606071404-227,M83248/1-158,FG00347,parts,live source card: same source id + SAP + name,assets/products/1781258948-6a2bdac4a85d8.png
m832481-908-2606071404-810,M83248/1-908,FG00355,parts,live source card: same source id + SAP + name,assets/products/1781258987-6a2bdaeb03226.png
m832481-129-2606071404-464,M83248/1-129,FG00342,parts,live source card: same source id + SAP + name,assets/products/1781258890-6a2bda8a93ffe.png
m832481-120-2606071404-541,M83248/1-120,FG00340,parts,live source card: same source id + SAP + name,assets/products/1781258870-6a2bda76b097d.png
m832481-134,M83248/1-134,FG00344,parts,live source card: same source id + SAP + name,assets/products/1781258929-6a2bdab14b511.png
m832481-132-2606071404-915,M83248/1-132,FG00343,parts,live source card: same source id + SAP + name,assets/products/1781258906-6a2bda9a813d3.png
m832481-013-2606071404-613,M83248/1-013,FG00335,parts,live source card: same source id + SAP + name,assets/products/1781258806-6a2bda36071e9.png
m832481-014-2606071404-33,M83248/1-014,FG00336,parts,live source card: same source id + SAP + name,assets/products/1781258827-6a2bda4bc5cc4.png
m832481-012-2606071404-476,M83248/1-012,FG00334,parts,live source card: same source id + SAP + name,assets/products/1781258779-6a2bda1b220bd.png
m83248-1-011-2606071403-359,M83248-1-011,FG01293,parts,live source card: same source id + SAP + name,assets/products/1781259046-6a2bdb26aaf6c.png
m8196914-04-2606071403-980,M81969/14-04,FG00328,parts,live source card: same source id + SAP + name,assets/products/1781258742-6a2bd9f675b2b.png
m818241-1-2606071403-841,M81824/1-1,FG00322,parts,live source card: same source id + SAP + name,assets/products/1781247578-6a2bae5adebc4.png
m832481-011-2606071403-589,M83248/1-011,FG00333,parts,live source card: same source id + SAP + name,assets/products/1781247865-6a2baf7953f7d.png
m832481-123,M83248/1-123,FG00341,parts,live source card: same source id + SAP + name,assets/products/1781248892-6a2bb37c83c1e.png
m83248-1-024-2606071403-964,M83248-1-024,FG01405,parts,live source card: same source id + SAP + name,assets/products/1781249562-6a2bb61abc51c.png
m8196914-12-2606071403-575,M81969/14-12,FG00332,parts,live source card: same source id + SAP + name,assets/products/1781247785-6a2baf294acb1.png
m8196914-02,M81969/14-02,FG00326,parts,live source card: same source id + SAP + name,assets/products/1781247646-6a2bae9e25ca0.png
m8196914-05-2606071403-874,M81969/14-05,FG00329,parts,live source card: same source id + SAP + name,assets/products/1781247716-6a2baee407526.png
m8196914-10-2606071403-981,M81969/14-10,FG00330,parts,live source card: same source id + SAP + name,assets/products/1781247752-6a2baf085f820.png
m8196914-03-2606071402-378,M81969/14-03,FG00327,parts,live source card: same source id + SAP + name,assets/products/1781247682-6a2baec26177b.png
m3902963-368,M39029/63-368,FG00320,parts,live source card: same source id + SAP + name,assets/products/1781247545-6a2bae3939a91.png
m8196914-11-2606071402-523,M81969/14-11,FG00331,parts,live source card: same source id + SAP + name,assets/products/1781258760-6a2bda0892540.png
m259883-142-2606071402-124,M25988/3-142,FG00312,parts,live source card: same source id + SAP + name,assets/products/1781257842-6a2bd67201775.png
m819691-02-2606071402-865,M81969/1-02,FG00324,parts,live source card: same source id + SAP + name,assets/products/1781258701-6a2bd9cdc55e1.png
m4aj050al,M4AJ050AL,FG00321,parts,live source card: same source id + SAP + name,assets/products/1781257635-6a2bd5a301f3f.png
m8196914-01-2606071402-652,M81969/14-01,FG00325,parts,live source card: same source id + SAP + name,assets/products/1781258726-6a2bd9e6c077e.png
m390295-115-2606071402-878,M39029/5-115,FG00318,parts,live source card: same source id + SAP + name,assets/products/1781258635-6a2bd98be069f.png
m3902930-218-2606071402-522,M39029/30-218,FG00317,parts,live source card: same source id + SAP + name,assets/products/1781258683-6a2bd9bb30532.png
m3902930-217-2606071402-943,M39029/30-217,FG00316,parts,live source card: same source id + SAP + name,assets/products/1781258660-6a2bd9a45c1fd.png
m259881-212-2606071402-673,M25988/1-212,FG00307,parts,live source card: same source id + SAP + name,assets/products/1781257730-6a2bd60277621.png
m259882-906-2606071402-219,M25988/2-906,FG01301,parts,live source card: same source id + SAP + name,assets/products/1781257783-6a2bd6374e5dc.png
m3902958-360,M39029/58-360,FG00319,parts,live source card: same source id + SAP + name,assets/products/1781247516-6a2bae1c03674.png
m819691-01-2606071402-423,M81969/1-01,FG00323,parts,live source card: same source id + SAP + name,assets/products/1781247610-6a2bae7a32869.png
m259881-142-2606071402-315,M25988/1-142,FG00305,parts,live source card: same source id + SAP + name,assets/products/1781247114-6a2bac8a2655d.png
m259882-032-2606071402-740,M25988/2-032,FG00309,parts,live source card: same source id + SAP + name,assets/products/1781247273-6a2bad292fb23.png
m29513-142,M29513-142,FG01308,parts,live source card: same source id + SAP + name,assets/products/1781247481-6a2badf909e83.png
m259881-156,M25988/1-156,FG00306,parts,live source card: same source id + SAP + name,assets/products/1781247143-6a2baca7a76a4.png
m259881-928-2606071402-618,M25988/1-928,FG00308,parts,live source card: same source id + SAP + name,assets/products/1781247229-6a2bacfdd34b8.png
m259883-217,M25988/3-217,FG00313,parts,live source card: same source id + SAP + name,assets/products/1781247308-6a2bad4c5b041.png
m259881-022-2606071401-651,M25988/1-022,FG00303,parts,live source card: same source id + SAP + name,assets/products/1781247079-6a2bac67ae0f6.png
m259881-010,M25988/1-010,FG01560,parts,live source card: same source id + SAP + name,assets/products/1781257672-6a2bd5c8d6e85.png
m259883-014-2606071401-523,M25988/3-014,FG00311,parts,live source card: same source id + SAP + name,assets/products/1781257818-6a2bd65a2da8b.png
m25988-4-210-2606071401-792,M25988-4-210,FG01294,parts,live source card: same source id + SAP + name,assets/products/1781247416-6a2badb8b0e01.png
m259882-111-2606071401-711,M25988/2-111,FG00310,parts,live source card: same source id + SAP + name,assets/products/1781257767-6a2bd6275d7cb.png
m259881-110-2606071401-281,M25988/1-110,FG00304,parts,live source card: same source id + SAP + name,assets/products/1781257693-6a2bd5ddab2a5.png
lp24693s47,LP24693S47,FG00302,parts,live source card: same source id + SAP + name,assets/products/1781246607-6a2baa8f263eb.png
la3086-013-2606071357-761,LA3086-013,FG00301,parts,live source card: same source id + SAP + name,assets/products/1781245839-6a2ba78f55b10.png
jetflow-3-cartrige-300ml,JETFLOW 3 CARTRIGE-300ML,FG01069,parts,live source card: same source id + SAP + name,assets/products/1781245624-6a2ba6b849e0b.png
j221p916,J221P916,FG00300,parts,live source card: same source id + SAP + name,assets/products/1781251999-6a2bbf9f49012.png
htcm-sce-tp-14-4h-9,HTCM-SCE-TP-1/4-4H-9,FG00298,parts,live source card: same source id + SAP + name,assets/products/1781251777-6a2bbec184d57.png
hg14-001,HG14-001,FG01121,parts,live source card: same source id + SAP + name,assets/products/1781244392-6a2ba1e89064f.png
ha1726-1-2606071356-770,HA1726-1,FG00295,parts,live source card: same source id + SAP + name,assets/products/1782214145-6a3a6e0150982.png
htcmscetp-14-4h-9-2606071356-869,HTCMSCETP-1/4-4H-9,FG01286,parts,live source card: same source id + SAP + name,assets/products/1781251799-6a2bbed74535d.png
ge4626,GE4626,FG00656,parts,live source card: same source id + SAP + name,assets/products/1781251621-6a2bbe2500f31.png
fuf-6,FUF-6,FG00294,parts,live source card: same source id + SAP + name,assets/products/1781251576-6a2bbdf8bc490.png
hl1012az6-7,HL1012AZ6-7,FG01502,parts,live source card: same source id + SAP + name,assets/products/1781244467-6a2ba233ca03f.png
hl110vf6-9-2606071355-20,HL110VF6-9,FG00296,parts,live source card: same source id + SAP + name,assets/products/1782214170-6a3a6e1a27c6a.png
fn12-02,FN12-02,FG01248,parts,live source card: same source id + SAP + name,assets/products/1781242656-6a2b9b20a938c.png
fr-a840-01800-2-60,FR-A840-01800-2-60,FG01086,parts,live source card: same source id + SAP + name,assets/products/1781242714-6a2b9b5a3c34b.png
flos000000,FLOS000000,FG00293,parts,live source card: same source id + SAP + name,assets/products/1781242552-6a2b9ab8905aa.png
fhr8-2-kit,FHR8-2-KIT,FG01180,parts,live source card: same source id + SAP + name,assets/products/1781251287-6a2bbcd746afb.png
f094302h022,F094302H022,FG00292,parts,live source card: same source id + SAP + name,assets/products/1781250043-6a2bb7fbe7285.png
ev949000-2606071354-313,EV949000,FG01335,parts,live source card: same source id + SAP + name,assets/products/1781249953-6a2bb7a139569.png
f5000-3,F5000-3,FG01366,parts,live source card: same source id + SAP + name,assets/products/1781242296-6a2b99b82d66d.png
es44010-2-2606071353-527,ES44010-2,FG00291,parts,live source card: same source id + SAP + name,assets/products/1781268410-6a2bffbad647d.png
en6115v3x8,EN6115V3X8,FG00290,parts,live source card: same source id + SAP + name,assets/products/1781268214-6a2bfef6a2d96.png
esckb-cr3-2606071353-173,ESCKB-CR3,FG01104,parts,live source card: same source id + SAP + name,assets/products/1781249921-6a2bb781c6110.png
en3628-063mm-500gm-2606071353-875,EN3628-0.63MM-500GM,FG00824,parts,live source card: same source id + SAP + name,assets/products/1781249771-6a2bb6eb4ac6e.png
en3628-080mm-500gm-2606071352-169,EN3628-0.80MM-500GM,FG00825,parts,live source card: same source id + SAP + name,assets/products/1781249805-6a2bb70d7f015.png
en2367-14014-2606071352-733,EN2367-14014,FG00285,parts,live source card: same source id + SAP + name,assets/products/1781249681-6a2bb691e4c75.png
en3155-008m2020,EN3155-008M2020,FG00288,parts,live source card: same source id + SAP + name,assets/products/1781249708-6a2bb6ac601fd.png
en2367-18014-2606071352-726,EN2367-18014,FG00286,parts,live source card: same source id + SAP + name,assets/products/1781268127-6a2bfe9fd46c1.png
en2367-18020-2606071352-929,EN2367-18020,FG00287,parts,live source card: same source id + SAP + name,assets/products/1781268157-6a2bfebd0ec0c.png
ecs2334be060m,ECS2334BE060M,FG00282,parts,live source card: same source id + SAP + name,assets/products/1781267977-6a2bfe096ba12.png
emrl8rsp3d,EMRL8RSP3D,FG01575,parts,live source card: same source id + SAP + name,assets/products/1781268069-6a2bfe6536fd9.png
ecs2334be080m-2606071352-827,ECS2334BE080M,FG00283,parts,live source card: same source id + SAP + name,assets/products/1781268007-6a2bfe2725128.png
ecnolease-60x100yds-blue,"ECNOLEASE-60""X100YDS-BLUE",FG01348,parts,live source card: same source id + SAP + name,assets/products/1781249606-6a2bb646ad385.png
ear1161-100-890-02-200,EAR1161-100-890-02-200,FG01103,parts,live source card: same source id + SAP + name,assets/products/1781249531-6a2bb5fbc46e7.png
durcisseur-c082,DURCISSEUR C08.2,FG01355,parts,live source card: same source id + SAP + name,assets/products/1781249367-6a2bb557e198d.png
e0541-10,E0541-10,FG00279,parts,live source card: same source id + SAP + name,assets/products/1781249472-6a2bb5c06c38a.png
e0718-02,E0718-02,FG00809,parts,live source card: same source id + SAP + name,assets/products/1781249490-6a2bb5d25c1fb.png
e0244-28a0,E0244-28A0,FG00277,parts,live source card: same source id + SAP + name,assets/products/1781249422-6a2bb58e78025.png
e0388-01-2606071351-8,E0388-01,FG00278,parts,live source card: same source id + SAP + name,assets/products/1781249455-6a2bb5afc8935.png
ec-9,EC-9,FG00281,parts,live source card: same source id + SAP + name,assets/products/1781249586-6a2bb6323a67f.png
e0758-01-2606071351-677,E0758-01,FG00280,parts,live source card: same source id + SAP + name,assets/products/1781249509-6a2bb5e59bb9e.png
ec-9-cap-red,EC-9-CAP-RED,FG01408,parts,live source card: same source id + SAP + name,assets/products/1781249550-6a2bb60e8f118.png
dss4200,DSS4200,FG01247,parts,live source card: same source id + SAP + name,assets/products/1781249350-6a2bb5463b9dc.png
dwp-125-18-0-5p,DWP-125-1/8-0-5P,FG01407,parts,live source card: same source id + SAP + name,assets/products/1781267766-6a2bfd364fc19.png
duracell-15v,DURACELL 1.5V,FG01472,parts,live source card: same source id + SAP + name,assets/products/1781267721-6a2bfd0975674.png
dwp-125-18-0-sp,DWP-125-18-0-SP,FG00275,parts,live source card: same source id + SAP + name,assets/products/1781267790-6a2bfd4ecbe30.png
dhs1416-1,DHS1416-1,FG01438,parts,live source card: same source id + SAP + name,assets/products/1781267504-6a2bfc302edd8.png
dss0200,DSS0200,FG01246,parts,live source card: same source id + SAP + name,assets/products/1781267698-6a2bfcf2455d3.png
dhs1463-8e,DHS1463-8E,FG01439,parts,live source card: same source id + SAP + name,assets/products/1781249136-6a2bb470582ee.png
dsr54056-1417-2606071350-930,DSR54056-1417,FG00274,parts,live source card: same source id + SAP + name,assets/products/1781249327-6a2bb52fc0d3e.png
dhs621-10005,DHS621-100.05,FG00273,parts,live source card: same source id + SAP + name,assets/products/1781249120-6a2bb460388eb.png
dof50rfrwh,DOF50RFRWH,FG01519,parts,live source card: same source id + SAP + name,assets/products/1782213876-6a3a6cf422583.png
cdex0494,CDEX0494,FG00251,parts,live source card: same source id + SAP + name,assets/products/1781248476-6a2bb1dc6f998.png
dhs613-10003-2606071349-49,DHS613-100.03,FG00272,parts,live source card: same source id + SAP + name,assets/products/1781267475-6a2bfc135b1af.png
d72d70866-111,D72D70866-111,FG01211,parts,live source card: same source id + SAP + name,assets/products/1781267042-6a2bfa621d684.png
dc340white-100gm-2606071349-62,DC340WHITE-100GM,FG01373,parts,live source card: same source id + SAP + name,assets/products/1781267353-6a2bfb99536e6.png
d5774502620000,D5774502620000,FG01628,parts,live source card: same source id + SAP + name,assets/products/1781248786-6a2bb3126a89b.png
dan6-6-3-2606071348-669,DAN6-6-3,FG01281,parts,live source card: same source id + SAP + name,assets/products/1781248803-6a2bb3236f88d.png
d72d70451-111,D72D70451-111,FG01437,parts,live source card: same source id + SAP + name,assets/products/1781248697-6a2bb2b9066b6.png
dan107-1,DAN107-1,FG00267,parts,live source card: same source id + SAP + name,assets/products/1781248821-6a2bb33532bba.png
cn-21p,CN-21P,FG01334,parts,live source card: same source id + SAP + name,assets/products/1781248647-6a2bb2873425e.png
dan426-01-2-8,DAN426-01-2-8,FG00269,parts,live source card: same source id + SAP + name,assets/products/1781248836-6a2bb3446871d.png
d5754054120200we,D5754054120200WE,FG01480,parts,live source card: same source id + SAP + name,assets/products/1782213741-6a3a6c6d92eea.png
d436-83-2606071348-511,D436-83,FG00264,parts,live source card: same source id + SAP + name,assets/products/1781267145-6a2bfac92ad0b.png
cr3212-04-03,CR3212-04-03,FG00263,parts,live source card: same source id + SAP + name,assets/products/1781266936-6a2bf9f85d8e7.png
d5348010722500,D5348010722500,FG00265,parts,live source card: same source id + SAP + name,assets/products/1781267189-6a2bfaf5616a7.png
dan169e3-14-2606071348-336,DAN169E3-14,FG00268,parts,live source card: same source id + SAP + name,assets/products/1781267220-6a2bfb145cfda.png
ch0745101362c00,CH0745101362C00,FG00260,parts,live source card: same source id + SAP + name,assets/products/1781266822-6a2bf986c57cb.png
d72d71112-912b,D72D71112-912B,FG00266,parts,live source card: same source id + SAP + name,assets/products/1781248713-6a2bb2c91d084.png
cm1864-2606071347-372,CM1864,FG00262,parts,live source card: same source id + SAP + name,assets/products/1781248617-6a2bb26915e1a.png
d5284024620600,D5284024620600,FG01418,parts,live source card: same source id + SAP + name,assets/products/1781248771-6a2bb3039fd48.png
cr3214-5-06,CR3214-5-06,FG01545,parts,live source card: same source id + SAP + name,assets/products/1781248680-6a2bb2a8e11ca.png
cec-24-2606071347-604,CEC-24,FG00257,parts,live source card: same source id + SAP + name,assets/products/1782213685-6a3a6c35835f2.png
cec-20-2606071347-823,CEC-20,FG00255,parts,live source card: same source id + SAP + name,assets/products/1781266627-6a2bf8c3abdf2.png
cec-23-2606071347-390,CEC-23,FG00256,parts,live source card: same source id + SAP + name,assets/products/1781266665-6a2bf8e9238ee.png
cec-26-2606071347-164,CEC-26,FG00258,parts,live source card: same source id + SAP + name,assets/products/1781266703-6a2bf90f12dbc.png
cd-4,CD-4,FG00250,parts,live source card: same source id + SAP + name,assets/products/1781266512-6a2bf85094f6a.png
cgt35u-2606071346-696,CGT35U,FG00259,parts,live source card: same source id + SAP + name,assets/products/1781266754-6a2bf942ea68e.png
ch92015-1,CH92015-1,FG00261,parts,live source card: same source id + SAP + name,assets/products/1781266785-6a2bf961039d1.png
cb106,CB106,FG01091,parts,live source card: same source id + SAP + name,assets/products/1781266482-6a2bf8323076c.png
cec-18-2606071346-914,CEC-18,FG00253,parts,live source card: same source id + SAP + name,assets/products/1781266578-6a2bf8922d8a4.png
cec-19,CEC-19,FG00254,parts,live source card: same source id + SAP + name,assets/products/1781266598-6a2bf8a606976.png
cds6u-2606071346-594,CDS6U,FG00252,parts,live source card: same source id + SAP + name,assets/products/1781266549-6a2bf875c6210.png
cca-3400-2606071346-706,CCA-3400,FG00249,parts,live source card: same source id + SAP + name,assets/products/1781248433-6a2bb1b11173c.png
c10-221pkg,C10-221PKG,FG00247,parts,live source card: same source id + SAP + name,assets/products/1781266117-6a2bf6c53dcc8.png
ca1826-1-2606071345-523,CA1826-1,FG00248,parts,live source card: same source id + SAP + name,assets/products/1781266223-6a2bf72fe324a.png
c09-218pkg-032x18,"C09-218PKG-.032""X18""",FG01616,parts,live source card: same source id + SAP + name,assets/products/1781266064-6a2bf690c4a5b.png
bst4-8oz,BST4-8OZ,FG00770,parts,live source card: same source id + SAP + name,assets/products/1781242005-6a2b9895534b8.png
c10-112pkg,C10-112PKG,FG00245,parts,live source card: same source id + SAP + name,assets/products/1781242126-6a2b990ea308f.png
c0300-032-2500-m,C0300-032-2500-M,FG00244,parts,live source card: same source id + SAP + name,assets/products/1782213101-6a3a69eda51b3.png
c10-218pkg,C10-218PKG,FG01290,parts,live source card: same source id + SAP + name,assets/products/1782213542-6a3a6ba6df202.png
c13964,C13964,FG00772,parts,live source card: same source id + SAP + name,assets/products/1781266161-6a2bf6f1db7f5.png
c10-212pkg-2606071344-105,C10-212PKG,FG00246,parts,live source card: same source id + SAP + name,assets/products/1781266094-6a2bf6aea8551.png
boe2367-0001,BOE2367-0001,FG01537,parts,live source card: same source id + SAP + name,assets/products/1781240407-6a2b9257ae88c.png
bacr12bm027-2606071343-626,BACR12BM027,FG00241,parts,live source card: same source id + SAP + name,assets/products/1781240260-6a2b91c4efeb1.png
bms-8-79-style-1581-38in-cl3-yds,BMS 8-79 STYLE 1581 38IN CL3-YDS,FG01488,parts,live source card: same source id + SAP + name,assets/products/1781240358-6a2b9226d0d75.png
bms9-8-3k70p-42inx5yds,BMS9-8-3K70P-42INX5YDS,FG01564,parts,live source card: same source id + SAP + name,assets/products/1781240388-6a2b924485965.png
blc8ta50sl12c4,BLC8TA50SL12C4,FG01499,parts,live source card: same source id + SAP + name,assets/products/1781240323-6a2b920379640.png
bms-8-79-style-120-38in-cl3-yds,BMS 8-79 STYLE 120 38IN CL3-YDS,FG01489,parts,live source card: same source id + SAP + name,assets/products/1781240341-6a2b92155660e.png
bjo-0930,BJO-0930,FG00761,parts,live source card: same source id + SAP + name,assets/products/1782212983-6a3a69771bcff.png
bacs21ag4e13,BACS21AG4E13,FG01485,parts,live source card: same source id + SAP + name,assets/products/1781265677-6a2bf50dcb34f.png
bb-763108-p,BB-763108-P,FG00243,parts,live source card: same source id + SAP + name,assets/products/1781265723-6a2bf53b81a4e.png
bleed-air-duct-seal,BLEED AIR DUCT SEAL,FG01161,parts,live source card: same source id + SAP + name,assets/products/1781269370-6a2c037a8baf5.png
bacs12gp3l15,BACS12GP3L15,FG01507,parts,live source card: same source id + SAP + name,assets/products/1781269315-6a2c034381180.png
bacb30xd3k6,BACB30XD3K6,FG01486,parts,live source card: same source id + SAP + name,assets/products/1781269249-6a2c03015a5b1.png
bacb30nx6k6,BACB30NX6K6,FG00234,parts,live source card: same source id + SAP + name,assets/products/1781240011-6a2b90cb72354.png
bacn10jz3a2cdmu,BACN10JZ3A2CDMU,FG00239,parts,live source card: same source id + SAP + name,assets/products/1781240174-6a2b916e9def1.png
bacc30ac6,BACC30AC6,FG01503,parts,live source card: same source id + SAP + name,assets/products/1781240068-6a2b9104806a1.png
bacb30nw6k3-2606071342-958,BACB30NW6K3,FG00233,parts,live source card: same source id + SAP + name,assets/products/1781239990-6a2b90b63f7e2.png
bacn10yf42cd-2606071342-473,BACN10YF42CD,FG00240,parts,live source card: same source id + SAP + name,assets/products/1781240193-6a2b91814e7e1.png
bacr15ce6ke6,BACR15CE6KE6,FG01433,parts,live source card: same source id + SAP + name,assets/products/1781240282-6a2b91da697c5.png
bacp11k4,BACP11K4,FG01157,parts,live source card: same source id + SAP + name,assets/products/1781240215-6a2b919753c89.png
bacc10kc8,BACC10KC8,FG01430,parts,live source card: same source id + SAP + name,assets/products/1781240050-6a2b90f2b2930.png
bacb30nx6k8,BACB30NX6K8,FG00235,parts,live source card: same source id + SAP + name,assets/products/1781240029-6a2b90dd92014.png
bacb3oze4-5g,BACB3OZE4-5G,FG00237,parts,live source card: same source id + SAP + name,assets/products/1781239958-6a2b90969ee2b.png
bacl10am100-660,BACL10AM100-660,FG01570,parts,live source card: same source id + SAP + name,assets/products/1781240124-6a2b913c5b397.png
bacc63bv14f4pn-2606071341-224,BACC63BV14F4PN,FG00238,parts,live source card: same source id + SAP + name,assets/products/1781240105-6a2b9129a63c6.png
bacd40p3a280,BACD40P3A280,FG01431,parts,live source card: same source id + SAP + name,assets/products/1782205270-6a3a4b5681a47.png
bacb30nn3k11,BACB30NN3K11,FG00231,parts,live source card: same source id + SAP + name,assets/products/1782212883-6a3a691314244.png
bacb30ze3-6-2606071341-766,BACB30ZE3-6,FG00236,parts,live source card: same source id + SAP + name,assets/products/1782212908-6a3a692c506ae.png
bacc10js14a,BACC10JS14A,FG01429,parts,live source card: same source id + SAP + name,assets/products/1781269265-6a2c031129dd6.png
bacn10ke3e3cd,BACN10KE3E3CD,FG01432,parts,live source card: same source id + SAP + name,assets/products/1781269298-6a2c0332ec9bd.png
bacb30nn4k7-2606071341-350,BACB30NN4K7,FG00232,parts,live source card: same source id + SAP + name,assets/products/1781269191-6a2c02c78c999.png
bacb30my8k5-2606071341-251,BACB30MY8K5,FG01168,parts,live source card: same source id + SAP + name,assets/products/1781261879-6a2be63782ee4.png
awn10152050,AWN10152050,FG01601,parts,live source card: same source id + SAP + name,assets/products/1781269123-6a2c0283d5ec5.png
bacb30my5k4-2606071341-203,BACB30MY5K4,FG00230,parts,live source card: same source id + SAP + name,assets/products/1781269160-6a2c02a8dc39a.png
bacb30lj4k37,BACB30LJ4K37,FG01428,parts,live source card: same source id + SAP + name,assets/products/1781269147-6a2c029b5254b.png
b330-7-2606071341-157,B330-7,FG00229,parts,live source card: same source id + SAP + name,assets/products/1781261848-6a2be618b186f.png
atum-123-0-stk,ATUM-12/3-0-STK,FG01344,parts,live source card: same source id + SAP + name,assets/products/1781261690-6a2be57a61472.png
at200y-12,AT200Y-1/2,FG00751,parts,live source card: same source id + SAP + name,assets/products/1781261669-6a2be5659ff0c.png
asna2355,ASNA2355,FG01496,parts,live source card: same source id + SAP + name,assets/products/1781261591-6a2be51719b06.png
asna2161-01-2606071340-207,ASNA2161-01,FG00224,parts,live source card: same source id + SAP + name,assets/products/1782212811-6a3a68cb39608.png
asna2528-3-2606071340-843,ASNA2528-3,FG00227,parts,live source card: same source id + SAP + name,assets/products/1782212836-6a3a68e483f7d.png
asna0078e402-2606071340-30,ASNA0078E402,FG00220,parts,live source card: same source id + SAP + name,assets/products/1782212763-6a3a689bdd3c8.png
asna2397-10l-2606071339-961,ASNA2397-10L,FG00225,parts,live source card: same source id + SAP + name,assets/products/1781268952-6a2c01d854479.png
asna0045-080bcl,ASNA0045-080BCL,FG00219,parts,live source card: same source id + SAP + name,assets/products/1781268895-6a2c019fc3279.png
asna2151-03-2606071339-69,ASNA2151-03,FG00222,parts,live source card: same source id + SAP + name,assets/products/1782212786-6a3a68b2f14de.png
asna2151-09-2606071339-806,ASNA2151-09,FG00223,parts,live source card: same source id + SAP + name,assets/products/1781268930-6a2c01c2c20ab.png
asna2001v3,ASNA2001V3,FG00221,parts,live source card: same source id + SAP + name,assets/products/1781268910-6a2c01aeef8f4.png
as3551-254,AS3551-254,FG01493,parts,live source card: same source id + SAP + name,assets/products/1781260954-6a2be29a22ff9.png
asn52320bh060n-2606071339-187,ASN52320BH060N,FG00216,parts,live source card: same source id + SAP + name,assets/products/1781261538-6a2be4e239fb1.png
as3209-263-2606071339-201,AS3209-263,FG00212,parts,live source card: same source id + SAP + name,assets/products/1781260921-6a2be279903ee.png
as3578-266-2606071339-472,AS3578-266,FG00214,parts,live source card: same source id + SAP + name,assets/products/1781260988-6a2be2bc3b20e.png
asna2001v4-13,ASNA2001V4-13,FG01280,parts,live source card: same source id + SAP + name,assets/products/1781261559-6a2be4f7b19f0.png
as3209-262-2606071339-79,AS3209-262,FG00211,parts,live source card: same source id + SAP + name,assets/products/1781260892-6a2be25c297fa.png
as3209-237-2606071339-385,AS3209-237,FG00207,parts,live source card: same source id + SAP + name,assets/products/1781260808-6a2be208da6c7.png
as4824n04-2606071339-655,AS4824N04,FG00215,parts,live source card: same source id + SAP + name,assets/products/1782212488-6a3a678891ea8.png
asna0044-080bcl-2606071339-858,ASNA0044-080BCL,FG00218,parts,live source card: same source id + SAP + name,assets/products/1782212730-6a3a687a01d30.png
as3510-0218c-2606071339-834,AS3510-0218C,FG00213,parts,live source card: same source id + SAP + name,assets/products/1781268572-6a2c005c8ae81.png
as3209-231-2606071338-287,AS3209-231,FG00205,parts,live source card: same source id + SAP + name,assets/products/1781268398-6a2bffae94ea1.png
as3209-246,AS3209-246,FG00208,parts,live source card: same source id + SAP + name,assets/products/1781268436-6a2bffd4c947b.png
as3209-236-2606071338-165,AS3209-236,FG00206,parts,live source card: same source id + SAP + name,assets/products/1781268420-6a2bffc4ca20a.png
as3209-254-2606071338-797,AS3209-254,FG00210,parts,live source card: same source id + SAP + name,assets/products/1781268482-6a2c0002d012a.png
as3209-135-2606071338-39,AS3209-135,FG00195,parts,live source card: same source id + SAP + name,assets/products/1781268352-6a2bff805b938.png
as3209-214-2606071338-344,AS3209-214,FG00201,parts,live source card: same source id + SAP + name,assets/products/1781260527-6a2be0ef6a8f2.png
as3209-216-2606071338-347,AS3209-216,FG00202,parts,live source card: same source id + SAP + name,assets/products/1781260566-6a2be1168178e.png
as3209-157-2606071338-101,AS3209-157,FG00199,parts,live source card: same source id + SAP + name,assets/products/1781260453-6a2be0a5c76f9.png
as3209-248-2606071338-48,AS3209-248,FG00209,parts,live source card: same source id + SAP + name,assets/products/1781268460-6a2bffec253fa.png
as3209-128-2606071338-921,AS3209-128,FG00190,parts,live source card: same source id + SAP + name,assets/products/1781260338-6a2be032340b3.png
as3209-220-2606071338-967,AS3209-220,FG00203,parts,live source card: same source id + SAP + name,assets/products/1781260597-6a2be13522f51.png
as3209-222-2606071338-243,AS3209-222,FG00204,parts,live source card: same source id + SAP + name,assets/products/1781260773-6a2be1e5392a0.png
as3209-129-2606071337-718,AS3209-129,FG00191,parts,live source card: same source id + SAP + name,assets/products/1781260373-6a2be055cc17a.png
as3209-210-2606071337-20,AS3209-210,FG00200,parts,live source card: same source id + SAP + name,assets/products/1781260486-6a2be0c61e7e2.png
as3209-116-2606071337-974,AS3209-116,FG00184,parts,live source card: same source id + SAP + name,assets/products/1781260172-6a2bdf8c4c313.png
as3209-145-2606071337-560,AS3209-145,FG00196,parts,live source card: same source id + SAP + name,assets/products/1781260422-6a2be086a5770.png
as3209-127-2606071337-76,AS3209-127,FG00189,parts,live source card: same source id + SAP + name,assets/products/1781260293-6a2be0059b8e2.png
as3209-154-2606071337-429,AS3209-154,FG00197,parts,live source card: same source id + SAP + name,assets/products/1782212239-6a3a668f192ef.JPG
as3209-108-2606071337-749,AS3209-108,FG00180,parts,live source card: same source id + SAP + name,assets/products/1782212085-6a3a65f548a0c.jpeg
as3209-156-2606071337-27,AS3209-156,FG00198,parts,live source card: same source id + SAP + name,assets/products/1782212295-6a3a66c7c03b1.jpeg
as3209-117-2606071337-530,AS3209-117,FG00185,parts,live source card: same source id + SAP + name,assets/products/1782212180-6a3a66543bd35.JPG
as3209-029-2606071337-396,AS3209-029,FG00177,parts,live source card: same source id + SAP + name,assets/products/1781268187-6a2bfedbd4be0.png
as3209-134-2606071337-594,AS3209-134,FG00194,parts,live source card: same source id + SAP + name,assets/products/1781268331-6a2bff6b7855a.png
as3209-113-2606071337-129,AS3209-113,FG00183,parts,live source card: same source id + SAP + name,assets/products/1781268240-6a2bff10023ea.png
as3209-038-2606071337-416,AS3209-038,FG00179,parts,live source card: same source id + SAP + name,assets/products/1781268212-6a2bfef483dc9.png
as3209-124-2606071337-926,AS3209-124,FG00187,parts,live source card: same source id + SAP + name,assets/products/1781268261-6a2bff2505a8f.png
as3209-131-2606071337-498,AS3209-131,FG00192,parts,live source card: same source id + SAP + name,assets/products/1781268283-6a2bff3b1bf8d.png
as3209-132-2606071337-347,AS3209-132,FG00193,parts,live source card: same source id + SAP + name,assets/products/1781268310-6a2bff564d44d.png
as3209-024-2606071336-646,AS3209-024,FG00176,parts,live source card: same source id + SAP + name,assets/products/1781268165-6a2bfec58f9b8.png
as3209-011-2606071336-936,AS3209-011,FG00169,parts,live source card: same source id + SAP + name,assets/products/1781267974-6a2bfe0695797.png
as3209-020-2606071336-362,AS3209-020,FG00175,parts,live source card: same source id + SAP + name,assets/products/1781260050-6a2bdf12e154b.png
as3209-017-2606071336-119,AS3209-017,FG00174,parts,live source card: same source id + SAP + name,assets/products/1781268135-6a2bfea75d7a1.png
as3209-110-2606071336-667,AS3209-110,FG00181,parts,live source card: same source id + SAP + name,assets/products/1781260113-6a2bdf510346b.png
as3209-014-2606071336-412,AS3209-014,FG00172,parts,live source card: same source id + SAP + name,assets/products/1781259928-6a2bde988f8c5.png
as138-49a-2606071336-805,AS138-49A,FG01341,parts,live source card: same source id + SAP + name,assets/products/1781259608-6a2bdd584fdd5.png
as3209-036-2606071336-604,AS3209-036,FG00178,parts,live source card: same source id + SAP + name,assets/products/1781260083-6a2bdf33e09f6.png
as3209-010-2606071336-94,AS3209-010,FG00168,parts,live source card: same source id + SAP + name,assets/products/1781259860-6a2bde5433c39.png
as3209-126-2606071336-92,AS3209-126,FG00188,parts,live source card: same source id + SAP + name,assets/products/1781260254-6a2bdfde397d3.png
as3209-121-2606071336-774,AS3209-121,FG00186,parts,live source card: same source id + SAP + name,assets/products/1781260223-6a2bdfbf6801a.png
as3209-016,AS3209-016,FG00173,parts,live source card: same source id + SAP + name,assets/products/1781259960-6a2bdeb8db753.png
as3208-12-2606071336-442,AS3208-12,FG00163,parts,live source card: same source id + SAP + name,assets/products/1781259821-6a2bde2d99e62.png
as3209-008-2606071336-319,AS3209-008,FG00166,parts,live source card: same source id + SAP + name,assets/products/1782212037-6a3a65c5dd204.jpeg
as3209-112-2606071336-178,AS3209-112,FG00182,parts,live source card: same source id + SAP + name,assets/products/1782212142-6a3a662e95be0.jpg
as3208-20-2606071336-450,AS3208-20,FG00165,parts,live source card: same source id + SAP + name,assets/products/1782209252-6a3a5ae442a12.jpeg
as3209-009-2606071336-961,AS3209-009,FG00167,parts,live source card: same source id + SAP + name,assets/products/1781267952-6a2bfdf008333.png
as3209-013-2606071336-420,AS3209-013,FG00171,parts,live source card: same source id + SAP + name,assets/products/1781268112-6a2bfe90045dc.png
as3209-012-2606071335-734,AS3209-012,FG00170,parts,live source card: same source id + SAP + name,assets/products/1781267999-6a2bfe1fbd690.png
as3208-04-2606071335-132,AS3208-04,FG00159,parts,live source card: same source id + SAP + name,assets/products/1781267829-6a2bfd7582d99.png
as3208-16-2606071335-567,AS3208-16,FG00164,parts,live source card: same source id + SAP + name,assets/products/1781267907-6a2bfdc32956f.png
as3208-08-2606071335-631,AS3208-08,FG00162,parts,live source card: same source id + SAP + name,assets/products/1781259786-6a2bde0aebf68.png
as3208-02,AS3208-02,FG00158,parts,live source card: same source id + SAP + name,assets/products/1781259655-6a2bdd87704de.png
as3208-06-2606071335-834,AS3208-06,FG00160,parts,live source card: same source id + SAP + name,assets/products/1781259700-6a2bddb49ef3b.png
as3208-07-2606071334-441,AS3208-07,FG00161,parts,live source card: same source id + SAP + name,assets/products/1781259742-6a2bddde078c8.png
an929-6c-2606071334-936,AN929-6C,FG00157,parts,live source card: same source id + SAP + name,assets/products/1781267372-6a2bfbac5647c.png
aquadis100,AQUADIS(100),FG00740,parts,live source card: same source id + SAP + name,assets/products/1781258932-6a2bdab4c9e44.png
airweave-n4-152m-100m,AIRWEAVE N4-1.52M-100M,FG01597,parts,live source card: same source id + SAP + name,assets/products/1781258685-6a2bd9bd92abd.png
an924-6j-2606071333-198,AN924-6J,FG00156,parts,live source card: same source id + SAP + name,assets/products/1782208859-6a3a595b0368d.png
aj30-110-2606071333-943,AJ30-110,FG00151,parts,live source card: same source id + SAP + name,assets/products/1782208752-6a3a58f042597.png
an814-3dl-2606071333-352,AN814-3DL,FG00154,parts,live source card: same source id + SAP + name,assets/products/1782208837-6a3a59455b89d.png
an3-5a,AN3-5A,FG00152,parts,live source card: same source id + SAP + name,assets/products/1782208813-6a3a592dd2a6a.png
ampco-m4-round-bar-o-190-051-x-608-mm-extruded,"AMPCO® M4 ROUND BAR Ø 19,0 (+/- 0,51) X 608 MM EXTRUDED",FG01536,parts,live source card: same source id + SAP + name,assets/products/1781266929-6a2bf9f192278.png
an924-4j-2606071333-331,AN924-4J,FG00155,parts,live source card: same source id + SAP + name,assets/products/1781267354-6a2bfb9a726eb.png
airweave-n7-152m-50m,AIRWEAVE N7-1.52M-50M,FG01598,parts,live source card: same source id + SAP + name,assets/products/1781266569-6a2bf889737a5.png
an3h6a-2606071332-180,AN3H6A,FG00153,parts,live source card: same source id + SAP + name,assets/products/1781266987-6a2bfa2bef5df.png
an174-13,AN174-13,FG01558,parts,live source card: same source id + SAP + name,assets/products/1781267005-6a2bfa3d22061.png
ac9012f1240y6,AC9012F1240Y6,FG00146,parts,live source card: same source id + SAP + name,assets/products/1781258139-6a2bd79b71eb0.png
air985-2606071332-403,AIR985,FG00149,parts,live source card: same source id + SAP + name,assets/products/1781266544-6a2bf8707541b.png
aec-145-69685-001,AEC-145-69685-001,FG01107,parts,live source card: same source id + SAP + name,assets/products/1781258244-6a2bd80429b23.png
airsweep4,AIRSWEEP4,FG00150,parts,live source card: same source id + SAP + name,assets/products/1782208729-6a3a58d93faa6.png
abrasivepaper-grit600,ABRASIVEPAPER-GRIT600,FG00725,parts,live source card: same source id + SAP + name,assets/products/1782208542-6a3a581eca571.png
acc314f8y1-2606071331-828,ACC314F8Y1,FG00147,parts,live source card: same source id + SAP + name,assets/products/1781264594-6a2bf0d22383e.png
abs0772b02a,ABS0772B02A,FG00144,parts,live source card: same source id + SAP + name,assets/products/1781264222-6a2bef5edd4b8.png
abs0804-4,ABS0804-4,FG01479,parts,live source card: same source id + SAP + name,assets/products/1781349433-6a2d3c39154a1.png
abs0804-5,ABS0804-5,FG00145,parts,live source card: same source id + SAP + name,assets/products/1781349458-6a2d3c52b64c1.png
abs0104-01p-2606071331-975,ABS0104-01P,FG00142,parts,live source card: same source id + SAP + name,assets/products/1781257918-6a2bd6bef0e12.png
abs0691-015-2606071331-688,ABS0691-015,FG00143,parts,live source card: same source id + SAP + name,assets/products/1781257957-6a2bd6e5b2075.png
abrasivepaper-grit180,ABRASIVEPAPER-GRIT180,FG00722,parts,live source card: same source id + SAP + name,assets/products/1781257790-6a2bd63eb8926.png
abrasivepaper-grit320,ABRASIVEPAPER-GRIT320,FG00723,parts,live source card: same source id + SAP + name,assets/products/1781257815-6a2bd657a3118.png
a810r0050h008sdy-25yds,A810R0050H008SDY-25YDS,FG01323,parts,live source card: same source id + SAP + name,assets/products/1781257465-6a2bd4f9ddadb.png
abrasivepaper-grit400,ABRASIVEPAPER-GRIT400,FG00724,parts,live source card: same source id + SAP + name,assets/products/1781257837-6a2bd66d9cd57.png
abs0302c2-11,ABS0302C2-11,FG01509,parts,live source card: same source id + SAP + name,assets/products/1782208567-6a3a5837645ba.png
a810r0025l000sdy,A810R0025L000SDY,FG00719,parts,live source card: same source id + SAP + name,assets/products/1782208448-6a3a57c069bf8.png
a810r0025l958sdy,A810R0025L958SDY,FG01626,parts,live source card: same source id + SAP + name,assets/products/1782205236-6a3a4b348771a.png
a810r0050h000sdy,A810R0050H000SDY,FG01627,parts,live source card: same source id + SAP + name,assets/products/1782208512-6a3a580042de5.png
a810r0025l008sdy,A810R0025L008SDY,FG00720,parts,live source card: same source id + SAP + name,assets/products/1782208475-6a3a57db70a89.png
abrasivepaper-grit120,ABRASIVEPAPER-GRIT120,FG00721,parts,live source card: same source id + SAP + name,assets/products/1781349398-6a2d3c169fd69.png
a36568-2606071330-151,A36568,FG00137,parts,live source card: same source id + SAP + name,assets/products/1781349343-6a2d3bdf9b566.png
a60701-1280,A60701-1280,FG00139,parts,live source card: same source id + SAP + name,assets/products/1781349376-6a2d3c00bf05f.png
a800r0016h064sd-2606071330-396,A800R0016H064SD,FG00717,parts,live source card: same source id + SAP + name,assets/products/1781349000-6a2d3a88be51d.png
a36557-2606071330-805,A36557,FG00136,parts,live source card: same source id + SAP + name,assets/products/1781349913-6a2d3e191cc56.png
a35794-2606071330-307,A35794,FG00134,parts,live source card: same source id + SAP + name,assets/products/1781349190-6a2d3b465e65d.png
a35860-6-2606071329-642,A35860-6,FG00135,parts,live source card: same source id + SAP + name,assets/products/1781349220-6a2d3b6459e32.png
a-a-52084-c-3-nat,A-A-52084-C-3-NAT-,FG00141,parts,live source card: same source id + SAP + name,assets/products/1781348940-6a2d3a4caf895.png
a175-8e,A175-8E,FG01456,parts,live source card: same source id + SAP + name,assets/products/1781257418-6a2bd4ca6dc49.png
a35273-2606071329-743,A35273,FG00133,parts,live source card: same source id + SAP + name,assets/products/1781257585-6a2bd57122dc9.png
a425400467-816,A425400467-816,FG01457,parts,live source card: same source id + SAP + name,assets/products/1781257761-6a2bd6211c6a3.png
a0580253c019925n,A0580253C019925N,FG01321,parts,live source card: same source id + SAP + name,assets/products/1781257722-6a2bd5fa20b95.png
a10-212pkg,A10-212PKG,FG01291,parts,live source card: same source id + SAP + name,assets/products/1781257315-6a2bd463ead75.png
a0086cm050010-2606071329-685,A0086CM050010,FG00132,parts,live source card: same source id + SAP + name,assets/products/1781257375-6a2bd49fcade6.png
a7512-24-2606071329-332,A7512-24,FG00716,parts,live source card: same source id + SAP + name,assets/products/1782208413-6a3a579d72189.png
998502-15-2606071329-595,998502-15,FG00130,parts,live source card: same source id + SAP + name,assets/products/1782208356-6a3a5764f404f.png
a37007-2606071329-562,A37007,FG00138,parts,live source card: same source id + SAP + name,assets/products/1782205209-6a3a4b199f8cd.png
9794410075,9794410075,FG00030,parts,live source card: same source id + SAP + name,assets/products/1782208271-6a3a570fb0b06.png
9560166860-2606071329-81,9560166860,FG00026,parts,live source card: same source id + SAP + name,assets/products/1782208222-6a3a56de963a9.png
99-720,99-720,FG01178,parts,live source card: same source id + SAP + name,assets/products/1781336880-6a2d0b30d6609.png
9560137520-2606071329-606,9560137520,FG00024,parts,live source card: same source id + SAP + name,assets/products/1781348622-6a2d390e6c034.png
a-a-52084-c-2-nat-250yd,A-A-52084-C-2-NAT-250YD,FG00140,parts,live source card: same source id + SAP + name,assets/products/1781348919-6a2d3a372bbb2.png
9794420545-2606071329-912,9794420545,FG00032,parts,live source card: same source id + SAP + name,assets/products/1781348810-6a2d39cac063d.png
96935,96935,FG01619,parts,live source card: same source id + SAP + name,assets/products/1781344016-6a2d2710f0ed3.png
9794420400-2606071329-20,9794420400,FG00031,parts,live source card: same source id + SAP + name,assets/products/1781348769-6a2d39a130cdf.png
9560177240-2606071328-601,9560177240,FG00029,parts,live source card: same source id + SAP + name,assets/products/1781348699-6a2d395ba2029.png
a0023c06r30n-w-2606071328-685,A0023C06R30N-W,FG00131,parts,live source card: same source id + SAP + name,assets/products/1781348968-6a2d3a68b7a41.png
99-0635-1gl,99-0635-1GL,FG00715,parts,live source card: same source id + SAP + name,assets/products/1781336815-6a2d0aefe9bd4.png
9998050021-2606071328-397,9998050021,FG00033,parts,live source card: same source id + SAP + name,assets/products/1781257264-6a2bd43003d5c.png
99-710,99-710,FG01119,parts,live source card: same source id + SAP + name,assets/products/1781255965-6a2bcf1da6dc2.png
a0100253c019925n,A0100253C019925N,FG01322,parts,live source card: same source id + SAP + name,assets/products/1781257682-6a2bd5d242fa1.png
99005916,99005916,FG00018,parts,live source card: same source id + SAP + name,assets/products/1781257039-6a2bd34fda128.png
9560166810,9560166810,FG00025,parts,live source card: same source id + SAP + name,assets/products/1781257232-6a2bd410c90e4.png
90jsf0906uni,90JSF0906UNI,FG00127,parts,live source card: same source id + SAP + name,assets/products/1781255872-6a2bcec096ce5.png
9520011854-2606071328-851,9520011854,FG00023,parts,live source card: same source id + SAP + name,assets/products/1781257179-6a2bd3dba92cb.png
968rb-2606071328-88,968RB,FG00129,parts,live source card: same source id + SAP + name,assets/products/1781256310-6a2bd076e2cf8.png
95-000900-004-0-2606071327-301,95-000900-004-0,FG00128,parts,live source card: same source id + SAP + name,assets/products/1781255912-6a2bcee8af51c.png
9560171250,9560171250,FG00027,parts,live source card: same source id + SAP + name,assets/products/1782208249-6a3a56f9d3137.png
8a103-2606071327-107,8A103,FG00126,parts,live source card: same source id + SAP + name,assets/products/1781336078-6a2d080e086bf.png
9560176660-2606071327-8,9560176660,FG00028,parts,live source card: same source id + SAP + name,assets/products/1781348662-6a2d39361fe89.png
81810-090-24b7,81810-090-24B7,FG01593,parts,live source card: same source id + SAP + name,assets/products/1781343854-6a2d266ed1efb.png
9520001200-2606071327-559,9520001200,FG00022,parts,live source card: same source id + SAP + name,assets/products/1781348591-6a2d38ef7cb15.png
888162,888162,FG00009,parts,live source card: same source id + SAP + name,assets/products/1781348439-6a2d38577f126.png
8000c1-gtmo-2606071327-132,8000C1-GTMO,FG01276,parts,live source card: same source id + SAP + name,assets/products/1781342468-6a2d210465dcf.png
9520010795,9520010795,FG01515,parts,live source card: same source id + SAP + name,assets/products/1781257140-6a2bd3b4286a1.png
85280,85280,FG01135,parts,live source card: same source id + SAP + name,assets/products/1781256515-6a2bd14383451.png
826447-1-2606071327-532,826447-1,FG00125,parts,live source card: same source id + SAP + name,assets/products/1781256958-6a2bd2fee9a09.png
81810-240-24b7,81810-240-24B7,FG01595,parts,live source card: same source id + SAP + name,assets/products/1781256454-6a2bd10691d04.png
820539-1,820539-1,FG00124,parts,live source card: same source id + SAP + name,assets/products/1781256909-6a2bd2cd9aad3.png
7513128-2606071327-817,7513128,FG00016,parts,live source card: same source id + SAP + name,assets/products/1781256990-6a2bd31eed015.png
784776-1-2606071326-10,784776-1,FG00118,parts,live source card: same source id + SAP + name,assets/products/1782207828-6a3a55541dcf6.png
801a50-0005a-2606071326-101,801A50-0005A,FG01167,parts,live source card: same source id + SAP + name,assets/products/1781338433-6a2d114100839.png
83417-1oz-2606071326-222,83417-1OZ,FG01234,parts,live source card: same source id + SAP + name,assets/products/1781256488-6a2bd1286a317.png
704a34621006-2606071326-785,704A34621006,FG00114,parts,live source card: same source id + SAP + name,assets/products/1781256171-6a2bcfeb30a20.png
815547-1-2606071326-925,815547-1,FG00122,parts,live source card: same source id + SAP + name,assets/products/1781256883-6a2bd2b318b9c.png
81811-050,81811-050,FG01613,parts,live source card: same source id + SAP + name,assets/products/1782208107-6a3a566b49626.png
817584-1,817584-1,FG00123,parts,live source card: same source id + SAP + name,assets/products/1782208083-6a3a565366bff.png
810593-1-2606071326-692,810593-1,FG00120,parts,live source card: same source id + SAP + name,assets/products/1782207878-6a3a5586d9b4b.png
815541-1-2606071326-762,815541-1,FG00121,parts,live source card: same source id + SAP + name,assets/products/1782207904-6a3a55a0e2ffb.png
7577741,7577741,FG01187,parts,live source card: same source id + SAP + name,assets/products/1781348462-6a2d386e24bf3.png
704a33633303,704A33633303,FG00110,parts,live source card: same source id + SAP + name,assets/products/1781337888-6a2d0f207d320.png
704a34114041-2606071326-888,704A34114041,FG00113,parts,live source card: same source id + SAP + name,assets/products/1781337931-6a2d0f4b4b49c.png
744752003-htat-328-0-stk,744752003 (HTAT-32/8-0-STK),FG00117,parts,live source card: same source id + SAP + name,assets/products/1781348492-6a2d388cb56f4.png
8038h24b-pf1,8038H24B-PF1,FG00119,parts,live source card: same source id + SAP + name,assets/products/1781342535-6a2d21473b84e.png
7237t3,7237T3,FG00116,parts,live source card: same source id + SAP + name,assets/products/1781256337-6a2bd0918ad20.png
704a33640020,704A33640020,FG00111,parts,live source card: same source id + SAP + name,assets/products/1781256070-6a2bcf8664f5b.png
6792200452-2606071325-421,6792200452,FG00021,parts,live source card: same source id + SAP + name,assets/products/1781257110-6a2bd396317dc.png
7387-2606071325-891,7387,FG01282,parts,live source card: same source id + SAP + name,assets/products/1781256366-6a2bd0aeb722d.png
69289-207-2606071325-985,69289-207,FG00108,parts,live source card: same source id + SAP + name,assets/products/1781256397-6a2bd0cd6131f.png
69-41730-64,69-41730-64,FG01500,parts,live source card: same source id + SAP + name,assets/products/1781255782-6a2bce66c0e2d.png
704a34-114-039,704A34-114-039,FG01183,parts,live source card: same source id + SAP + name,assets/products/1781256044-6a2bcf6cf199b.png
706a37190001-2606071325-265,706A37190001,FG00115,parts,live source card: same source id + SAP + name,assets/products/1782207774-6a3a551e63903.png
704a33640021-2606071325-984,704A33640021,FG00112,parts,live source card: same source id + SAP + name,assets/products/1781256107-6a2bcfab084e8.png
72166,72166,FG01304,parts,live source card: same source id + SAP + name,assets/products/1781256422-6a2bd0e638b9f.png
700220-7q,700220 = 7Q,FG00109,parts,live source card: same source id + SAP + name,assets/products/1782207729-6a3a54f1d8cd1.png
690-250-2606071325-764,690-250,FG00107,parts,live source card: same source id + SAP + name,assets/products/1782207700-6a3a54d4e47df.png
636-1100-4gse-901-4,636-1100-4GSE-901-4,FG00106,parts,live source card: same source id + SAP + name,assets/products/1782207648-6a3a54a02c909.png
6873905-2606071325-912,6873905,FG00015,parts,live source card: same source id + SAP + name,assets/products/1782207677-6a3a54bd2aafd.png
642892-2606071325-979,642892,FG00007,parts,live source card: same source id + SAP + name,assets/products/1781348413-6a2d383d925a9.png
68-404-2606071324-191,68-404,FG01307,parts,live source card: same source id + SAP + name,assets/products/1781336736-6a2d0aa0eb01c.png
630979-9,630979-9,FG00105,parts,live source card: same source id + SAP + name,assets/products/1781346275-6a2d2fe324cee.png
5500l,5500L,FG01151,parts,live source card: same source id + SAP + name,assets/products/1781342420-6a2d20d41a384.png
53301-40-30bcl,53301-40-30BCL,FG01505,parts,live source card: same source id + SAP + name,assets/products/1781343792-6a2d263078c1d.png
503274-419,503274-419,FG01455,parts,live source card: same source id + SAP + name,assets/products/1781346251-6a2d2fcb3c1af.png
5664172001htat-4813-0-stk,5664172001(HTAT-48/13-0-STK),FG00103,parts,live source card: same source id + SAP + name,assets/products/1781348553-6a2d38c99f5e0.png
649954-2606071324-372,649954,FG00008,parts,live source card: same source id + SAP + name,assets/products/1781256576-6a2bd180a8f42.png
600-33007-9-2606071324-587,600-33007-9,FG00104,parts,live source card: same source id + SAP + name,assets/products/1781255996-6a2bcf3ce3de2.png
47-9014-01-2606071324-685,47-9014-01,FG00101,parts,live source card: same source id + SAP + name,assets/products/1781255729-6a2bce3161818.png
53-321,53-321,FG00102,parts,live source card: same source id + SAP + name,assets/products/1781262942-6a2bea5e5dd0a.png
514-08432,514-08432,FG01101,parts,live source card: same source id + SAP + name,assets/products/1782207601-6a3a54711c717.png
5-micron-fitler-nf-3188,5-MICRON FITLER-(NF-3188),FG00926,parts,live source card: same source id + SAP + name,assets/products/1782207562-6a3a544a0aa36.png
453a2310-57,453A2310-57,FG01453,parts,live source card: same source id + SAP + name,assets/products/1782205014-6a3a4a567fb92.png
4551-lamp-2606071323-752,4551 LAMP,FG00100,parts,live source card: same source id + SAP + name,assets/products/1781263198-6a2beb5e69224.png
4626-lamp-2606071323-654,4626-LAMP,FG01285,parts,live source card: same source id + SAP + name,assets/products/1781263213-6a2beb6dda0dd.png
4-00109,4-00109,FG01199,parts,live source card: same source id + SAP + name,assets/products/1781262742-6a2be996bf1a4.png
411n1230-101,411N1230-101,FG00095,parts,live source card: same source id + SAP + name,assets/products/1781263025-6a2beab11c89b.png
4-00107-2606071322-782,4-00107,FG01200,parts,live source card: same source id + SAP + name,assets/products/1781335850-6a2d072ad0b22.png
4-00107,4-00107,FG01254,parts,live source card: same source id + SAP + name,assets/products/1781335871-6a2d073fc7575.png
40000-11,40000 -11,FG01604,parts,live source card: same source id + SAP + name,assets/products/1781263281-6a2bebb1a6416.png
3m-ec847-1l,3M-EC847-1L,FG00816,parts,live source card: same source id + SAP + name,assets/products/1781261738-6a2be5aa4beb1.png
40062g-02-2606071321-440,40062G-02,FG00094,parts,live source card: same source id + SAP + name,assets/products/1781263298-6a2bebc286c78.png
3m-6440,3M-6440,FG00692,parts,live source card: same source id + SAP + name,assets/products/1781334647-6a2d02777fcc9.png
3520-0540-03,3520-0540-03,FG00082,parts,live source card: same source id + SAP + name,assets/products/1781338689-6a2d1241b0f20.png
365a32711520-2606071318-402,365A32711520,FG00090,parts,live source card: same source id + SAP + name,assets/products/1781337430-6a2d0d56d5b51.png
350a31186120-2606071318-105,350A31186120,FG00078,parts,live source card: same source id + SAP + name,assets/products/1781337177-6a2d0c59cfedc.png
365a31185920-2606071318-228,365A31185920,FG00089,parts,live source card: same source id + SAP + name,assets/products/1781337239-6a2d0c9730624.png
365a54207200-2606071318-966,365A54207200,FG00091,parts,live source card: same source id + SAP + name,assets/products/1781263006-6a2bea9e685cf.png
30b5599-01,30B5599-01,FG00072,parts,live source card: same source id + SAP + name,assets/products/1781262817-6a2be9e1b9956.png
32038-124-2606071318-3,32038-124,FG00075,parts,live source card: same source id + SAP + name,assets/products/1781263238-6a2beb8616d19.png
360a21122340-2606071318-958,360A21122340,FG00088,parts,live source card: same source id + SAP + name,assets/products/1781263774-6a2bed9e388de.png
360a21122326-2606071318-212,360A21122326,FG00085,parts,live source card: same source id + SAP + name,assets/products/1781263734-6a2bed76a2b04.png
351073,351073,FG01546,parts,live source card: same source id + SAP + name,assets/products/1781264596-6a2bf0d405b7a.png
3acnoyf4268,3ACNOYF4268,FG01305,parts,live source card: same source id + SAP + name,assets/products/1781263095-6a2beaf749270.png
3029268,3029268,FG00012,parts,live source card: same source id + SAP + name,assets/products/1781269696-6a2c04c07ef54.png
350a32317521,350A32317521,FG00080,parts,live source card: same source id + SAP + name,assets/products/1781269344-6a2c0360e266e.png
3008891-2606071318-733,3008891,FG00011,parts,live source card: same source id + SAP + name,assets/products/1781269673-6a2c04a9e65bd.png
31014,310/14,FG01483,parts,live source card: same source id + SAP + name,assets/products/1781269296-6a2c0330dd45e.png
3036376-2606071317-765,3036376,FG00013,parts,live source card: same source id + SAP + name,assets/products/1781269725-6a2c04dd8ff32.png
320-290-301-0,320-290-301-0,FG01449,parts,live source card: same source id + SAP + name,assets/products/1781263664-6a2bed30b225a.png
33978-101-2606071317-699,33978-101,FG00076,parts,live source card: same source id + SAP + name,assets/products/1781264251-6a2bef7b652e0.png
3101254-01-2606071317-361,3101254-01,FG00074,parts,live source card: same source id + SAP + name,assets/products/1781264754-6a2bf1723c56b.png
2krtf-6,2KRTF-6,FG01482,parts,live source card: same source id + SAP + name,assets/products/1781263047-6a2beac74eb49.png
3038804,3038804,FG00014,parts,live source card: same source id + SAP + name,assets/products/1781264728-6a2bf158182e1.png
320912bl-20ml-2606071317-479,320912BL-20ML,FG00678,parts,live source card: same source id + SAP + name,assets/products/1781264568-6a2bf0b89bb88.png
350a31187320-2606071317-827,350A31187320,FG00079,parts,live source card: same source id + SAP + name,assets/products/1781263701-6a2bed550e8de.png
30b5600-01-2606071317-432,30B5600-01,FG00073,parts,live source card: same source id + SAP + name,assets/products/1781263453-6a2bec5d74c3a.png
292737310-2606071317-119,292737310,FG00020,parts,live source card: same source id + SAP + name,assets/products/1781265132-6a2bf2ecce24f.png
2kphf-6,2KPHF-6,FG01618,parts,live source card: same source id + SAP + name,assets/products/1781263021-6a2beaad6070f.png
3-904s613-60,3-904S613-60,FG00092,parts,live source card: same source id + SAP + name,assets/products/1781263067-6a2beadbeb94a.png
27782,27782,FG01576,parts,live source card: same source id + SAP + name,assets/products/1781269518-6a2c040eaddee.png
25-8ws79-1,25-8WS79-1,FG01448,parts,live source card: same source id + SAP + name,assets/products/1781269131-6a2c028b8b0bd.png
274c00013-2606071316-382,274C00013,FG00071,parts,live source card: same source id + SAP + name,assets/products/1781269266-6a2c0312a5ea9.png
2-012n602-70,2-012N602-70,FG00055,parts,live source card: same source id + SAP + name,assets/products/1781268947-6a2c01d3cc6f1.png
25-7fc41a,25-7FC41A,FG01447,parts,live source card: same source id + SAP + name,assets/products/1781269110-6a2c0276070c6.png
23053993-2606071315-123,23053993,FG00017,parts,live source card: same source id + SAP + name,assets/products/1781269966-6a2c05ce13a5e.png
24010-031-000,24010-031-000,FG01122,parts,live source card: same source id + SAP + name,assets/products/1781269495-6a2c03f77edbf.png
23310ca030025,23310CA030025,FG01596,parts,live source card: same source id + SAP + name,assets/products/1781264212-6a2bef541c201.png
220252-2606071315-240,220252,FG00658,parts,live source card: same source id + SAP + name,assets/products/1781264391-6a2bf00748bc8.png
22208bc060024l-2606071315-670,22208BC060024L,FG00060,parts,live source card: same source id + SAP + name,assets/products/1781264099-6a2beee360380.png
22542k060-2606071315-857,22542K060,FG00063,parts,live source card: same source id + SAP + name,assets/products/1781264135-6a2bef072baa0.png
23310ca015015-2606071315-858,23310CA015015,FG00068,parts,live source card: same source id + SAP + name,assets/products/1781264182-6a2bef36420c9.png
170-14804-190,170-14804-190,FG00054,parts,live source card: same source id + SAP + name,assets/products/1781263580-6a2becdc08930.png
227311k060040x-2606071315-598,227311K060040X,FG00064,parts,live source card: same source id + SAP + name,assets/products/1781264423-6a2bf027f168a.png
2233063,223.3063,FG01225,parts,live source card: same source id + SAP + name,assets/products/1781263607-6a2becf733f7f.png
15801-016-2606071315-168,15801-016,FG00053,parts,live source card: same source id + SAP + name,assets/products/1781267113-6a2bfaa9ab096.png
2-132n602-70-2606071315-161,2-132N602-70,FG00057,parts,live source card: same source id + SAP + name,assets/products/1781268977-6a2c01f13be18.png
23310ca015020-2606071315-460,23310CA015020,FG00069,parts,live source card: same source id + SAP + name,assets/products/1781269460-6a2c03d4ccba4.png
23310ca01s020-2606071315-141,23310CA01S020,FG00070,parts,live source card: same source id + SAP + name,assets/products/1781269427-6a2c03b3a13b0.png
25-3fc175-5,25-3FC175-5,FG01446,parts,live source card: same source id + SAP + name,assets/products/1781269090-6a2c0262a7152.png
207377-1187-2606071315-851,207377-1187,FG00056,parts,live source card: same source id + SAP + name,assets/products/1781269607-6a2c0467ef1f0.png
171-05037-505,171-05037-505,FG01222,parts,live source card: same source id + SAP + name,assets/products/1781269239-6a2c02f7f258b.png
150sg1071-2606071315-601,150SG1071,FG00052,parts,live source card: same source id + SAP + name,assets/products/1781263547-6a2becbbaecaf.png
15163np,15163NP,FG01221,parts,live source card: same source id + SAP + name,assets/products/1781264027-6a2bee9bde62a.png
2-135nm506-65-2606071315-205,2-135NM506-65,FG00058,parts,live source card: same source id + SAP + name,assets/products/1781262941-6a2bea5d1a9af.png
292680560-2606071314-953,292680560,FG00019,parts,live source card: same source id + SAP + name,assets/products/1781265103-6a2bf2cfee9bd.png
2-525446-3,2-525446-3,FG00035,parts,live source card: same source id + SAP + name,assets/products/1781262972-6a2bea7c3682e.png
17213112000,17213/112000,FG01310,parts,live source card: same source id + SAP + name,assets/products/1781264058-6a2beebac5a45.png
160544-01,160544-01,FG01263,parts,live source card: same source id + SAP + name,assets/products/1781264311-6a2befb746c96.png
2201859-8,2201859-8,FG00059,parts,live source card: same source id + SAP + name,assets/products/1781269637-6a2c048540cde.png
139-00-874-06dr,139-00-874-06DR,FG01501,parts,live source card: same source id + SAP + name,assets/products/1781269217-6a2c02e133ed7.png
135-16008-901,135-16008-901,FG01102,parts,live source card: same source id + SAP + name,assets/products/1781269190-6a2c02c69cd7c.png
13100-400-pma,13100-400-PMA,FG01148,parts,live source card: same source id + SAP + name,assets/products/1781263968-6a2bee60d7351.png
129517-2606070918-435,129517,FG00005,parts,live source card: same source id + SAP + name,assets/products/1781264283-6a2bef9b4f7bb.png
121cc01a02-2606070916-815,121CC01A02,FG00048,parts,live source card: same source id + SAP + name,assets/products/1781263483-6a2bec7b23f1b.png
11-207-2606070913-514,11-207,FG01292,parts,live source card: same source id + SAP + name,assets/products/1781263252-6a2beb941732f.png
1032g205-001,1032G205-001,FG00659,parts,live source card: same source id + SAP + name,assets/products/1781263890-6a2bee12dc9cb.png
101006200u-0004,101006200U-0004,FG01089,parts,live source card: same source id + SAP + name,assets/products/1781270004-6a2c05f42fdbf.png
100101-000,100101-000,FG01379,parts,live source card: same source id + SAP + name,assets/products/1781269560-6a2c0438b8d86.png
100-281-2272-2606070855-722,100-281-2272,FG01297,parts,live source card: same source id + SAP + name,assets/products/1781269171-6a2c02b3b7ca2.png
10-500-11-2k,10-500-11-2K,FG01444,parts,live source card: same source id + SAP + name,assets/products/1781269068-6a2c024c7d9cc.png
10-04-1721-6503,10-04-1721-6503,FG00047,parts,live source card: same source id + SAP + name,assets/products/1781269046-6a2c02362af91.png
1-480763-0-2606070848-97,1-480763-0,FG00051,parts,live source card: same source id + SAP + name,assets/products/1781268899-6a2c01a32cc82.png
18x10-64c8-2606070847-427,"1,8X10-64C8",FG00046,parts,live source card: same source id + SAP + name,assets/products/1781268925-6a2c01bdd4119.png
0l632bpe-2606070845-948,0L632BPE,FG00045,parts,live source card: same source id + SAP + name,assets/products/1781268846-6a2c016e776eb.png
08-62-23-2606070843-814,08-62-23,FG00044,parts,live source card: same source id + SAP + name,assets/products/1781263124-6a2beb148776f.png
02c10t05-5-5,02C10T05-5-5,FG00034,parts,live source card: same source id + SAP + name,assets/products/1781262997-6a2bea9548f6f.png
016copper-1lb-2606070837-55,016COPPER-1LB,FG00661,parts,live source card: same source id + SAP + name,assets/products/1781263327-6a2bebdf44db5.png
016c0pper-1lb,016C0PPER-1LB,FG01506,parts,live source card: same source id + SAP + name,assets/products/1781263277-6a2bebadec011.png
450500,450500,FG00042,parts,live source card: same source id + SAP + name,assets/products/1781264626-6a2bf0f2edfdf.png
230870-2606070830-214,230870,FG00041,parts,live source card: same source id + SAP + name,assets/products/1781264537-6a2bf099b9fc7.png
230850-2606070829-945,230850,FG00040,parts,live source card: same source id + SAP + name,assets/products/1781264447-6a2bf03f62f8f.png
molykote-d-7409-1kg-fg02165,MOLYKOTE D-7409-1KG,FG02165,lubricants,live source card: same source id + SAP + name,assets/products/20260929042626-HowoflM1pH.jpg
never-seez-ngss-160-nf-1lb-fg02159,NEVER-SEEZ-NGSS-160 NF-1LB,FG02159,lubricants,live source card: same source id + SAP + name,assets/products/20260929042726-LpSAUkDxW6.jpg
molykote-d-7409-500ml-fg02111,MOLYKOTE D-7409-500ML,FG02111,lubricants,live source card: same source id + SAP + name,assets/products/20260929042839-jt2avZS3uq.jpg
nycogreasegn69-1-kg-fg02069,NYCOGREASEGN69(1 KG),FG02069,lubricants,live source card: same source id + SAP + name,assets/products/20260929045240-NsuR7ZjM6j.jpg
nushine-grade-s-pc2202-1-lb-fg02060,NUSHINE-GRADE S-PC2202(1 LB),FG02060,lubricants,live source card: same source id + SAP + name,assets/products/20260929045530-U5begoyEqP.jpg
nushine-ii-g6-1-lb-fg02059,NUSHINE II G6(1 LB),FG02059,lubricants,live source card: same source id + SAP + name,assets/products/20260929045639-L06Ft6mXeV.jpg
ms-143te-1-usqt-fg02046,MS-143TE 1 USQT,FG02046,lubricants,live source card: same source id + SAP + name,assets/products/20260929045808-2d5l48peRQ.jpg
ms-122ad-12-oz-fg02042,MS-122AD 12-OZ,FG02042,lubricants,live source card: same source id + SAP + name,assets/products/20260929050009-hAdDhvewkJ.jpg
nsn-160-1lb-fg02035,NSN-160-1LB,FG02035,lubricants,live source card: same source id + SAP + name,assets/products/20260929050147-YcKOBy9Vim.jpg
royco-27-14-oz-fg02017,ROYCO 27-14 OZ,FG02017,lubricants,live source card: same source id + SAP + name,assets/products/20260929050304-4V1T8euyke.jpg
ms-122ad-13-5-oz-fg01999,MS 122AD-13.5 OZ,FG01999,lubricants,live source card: same source id + SAP + name,assets/products/20260929050405-Tim3JwtfcK.jpg
everlube-811-1usqt-fg01998,EVERLUBE 811-1USQT,FG01998,lubricants,live source card: same source id + SAP + name,assets/products/20260929050539-v0MN0FITSp.jpg
hp-milcy-fleet-15w40-26ltr-fg01988,HP MILCY FLEET 15W40-26LTR,FG01988,lubricants,live source card: same source id + SAP + name,assets/products/20260929051745-ZP2fgeIGmX.jpg
px-kylube-02-2-25-oz-fg01960,PX-KYLUBE-02-2.25 OZ,FG01960,lubricants,live source card: same source id + SAP + name,assets/products/20260929051859-Qwm0VYCozE.jpg
castrol-brayco-885-fg01897,CASTROL BRAYCO 885,FG01897,lubricants,live source card: same source id + SAP + name,assets/products/20260929052150-F68L7yGUZ9.jpg
gleitmo-595-fg01880,GLEITMO 595,FG01880,lubricants,live source card: same source id + SAP + name,assets/products/20260929052303-zGzMlx0Uvj.jpg
syn-tech-ns-5806-g-fg01877,SYN?TECH NS?5806?G,FG01877,lubricants,live source card: same source id + SAP + name,assets/products/20260929052355-dviRDOXbAV.jpg
nycote-7-11-fg01829,NYCOTE 7-11,FG01829,lubricants,live source card: same source id + SAP + name,assets/products/20260929052618-NRrnsBnic8.jpg
braycote806-1lb-fg01791,BRAYCOTE806-1LB,FG01791,lubricants,live source card: same source id + SAP + name,assets/products/20260929053135-RoUCBZbJtU.jpg
30441-mc3000-4-fg01775,30441 MC3000-4,FG01775,lubricants,live source card: same source id + SAP + name,assets/products/20260929053311-GaMwGxxiuU.jpg
castrol-ball-bearing-grease-ep-2-20kg-fg01760,CASTROL BALL BEARING GREASE EP-2-20KG,FG01760,lubricants,live source card: same source id + SAP + name,assets/products/20260929053420-Ten5RBW8KD.jpg
hp-enklo-68-26lt-fg01759,HP ENKLO 68-26LT,FG01759,lubricants,live source card: same source id + SAP + name,assets/products/20260929053028-jVVxgCKLLb.jpg
karcher-rm55-fg01748,KARCHER-RM55,FG01748,lubricants,live source card: same source id + SAP + name,assets/products/20260929051227-gxhBzEoXKK.jpg
castrol-optileb-gr-823-2-400ml-fg01735,CASTROL OPTILEB GR 823-2 400ML,FG01735,lubricants,live source card: same source id + SAP + name,assets/products/20260929051400-SNsFWYMLjT.jpg
rocol-mrs-400ml-fg01723,ROCOL MRS-400ML,FG01723,lubricants,live source card: same source id + SAP + name,assets/products/20260929051512-X0dKFfCQdI.jpg
dc33m-1kg-fg01714,DC33M-1KG,FG01714,lubricants,live source card: same source id + SAP + name,assets/products/20260929050657-OoVeOMHWOr.jpg
ultratef-gel-16oz-fg01700,ULTRATEF-GEL-16OZ,FG01700,lubricants,live source card: same source id + SAP + name,assets/products/20260929050802-Gql2AHx1kZ.jpg
ke-45t-100gm-fg01328,KE-45T-100GM,FG01328,lubricants,live source card: same source id + SAP + name,assets/products/20260929051042-vkwvzPVteS.jpg
fluid-film-1220oz,FLUID-FILM-12.20oz,FG01329,lubricants,live source card: same source id + SAP + name,assets/products/1782215063-6a3a71975dd88.png
tw25b-8oz,TW25B-8OZ,FG01052,lubricants,live source card: same source id + SAP + name,assets/products/1781081781-6a2926b5d63f5.png
trib0lube64rpc-2oz-2606071442-770,TRIB0LUBE64RPC-2OZ,FG01045,lubricants,live source card: same source id + SAP + name,assets/products/1781082151-6a2928279b6e2.png
shc100-2kg-2606071438-918,SHC100-2KG,FG01278,lubricants,live source card: same source id + SAP + name,assets/products/1781155700-6a2a4774e7353.png
silvergoop-1oz,SILVERGOOP-1OZ,FG01017,lubricants,live source card: same source id + SAP + name,assets/products/1781155731-6a2a4793f1150.png
rustlick631-370ml,RUSTLICK631-370ML,FG01004,lubricants,live source card: same source id + SAP + name,assets/products/1781155564-6a2a46ec256c4.png
royco756-1qt,ROYCO756-1QT,FG00989,lubricants,live source card: same source id + SAP + name,assets/products/1781155434-6a2a466a8a987.png
royco-782,ROYCO 782,FG01244,lubricants,live source card: same source id + SAP + name,assets/products/1781155386-6a2a463aab62a.png
royco560-1qt,ROYCO560-1QT,FG01423,lubricants,live source card: same source id + SAP + name,assets/products/1781085591-6a29359789fd7.png
roycohf-825-175lb,ROYCOHF-825-1.75LB,FG00990,lubricants,live source card: same source id + SAP + name,assets/products/1781085608-6a2935a8c1c99.png
rocol-aerospec100-45kg,ROCOL-AEROSPEC100-4.5KG,FG01188,lubricants,live source card: same source id + SAP + name,assets/products/1781085550-6a29356eb6cde.png
royco11ms-14oz-2606071434-129,ROYCO11MS-14OZ,FG01415,lubricants,live source card: same source id + SAP + name,assets/products/1781085570-6a293582eaa22.png
plastilube3-14oz,PLASTILUBE3-14OZ,FG01149,lubricants,live source card: same source id + SAP + name,assets/products/1781087566-6a293d4e1df85.png
permatex-form-a-gasketno2-11oz,PERMATEX-FORM-A GASKETNO#2-11OZ,FG00951,lubricants,live source card: same source id + SAP + name,assets/products/1781087475-6a293cf3a072e.png
perma-slik-rmac-1qt,PERMA-SLIK RMAC-1QT,FG01468,lubricants,live source card: same source id + SAP + name,assets/products/1781087411-6a293cb369b90.png
p-80-1l,P-80-1L,FG01109,lubricants,live source card: same source id + SAP + name,assets/products/1781087126-6a293b96b1be7.png
nyco-gn17-1kg,NYCO-GN17-1KG,FG01266,lubricants,live source card: same source id + SAP + name,assets/products/1781086994-6a293b1265f84.png
nyco-protec04-1l,NYCO-PROTEC04-1L,FG00942,lubricants,live source card: same source id + SAP + name,assets/products/1781087036-6a293b3ccc70f.png
orapi-si4-100gm,ORAPI-SI4-100GM,FG01016,lubricants,live source card: same source id + SAP + name,assets/products/1781087081-6a293b6949258.png
nyco-gn148-1kg,NYCO-GN148-1KG,FG01129,lubricants,live source card: same source id + SAP + name,assets/products/1781087010-6a293b22e7b03.png
parker-super-o-lube-2oz-2606071428-842,PARKER SUPER O-LUBE-2OZ,FG01130,lubricants,live source card: same source id + SAP + name,assets/products/1781087306-6a293c4a70b0d.png
nyco-gn15-1kg,NYCO-GN15-1KG,FG00933,lubricants,live source card: same source id + SAP + name,assets/products/1781086965-6a293af54b7d0.png
nyco-nl3525-5l,NYCO-NL3525-5L,FG00928,lubricants,live source card: same source id + SAP + name,assets/products/1781106195-6a29861337161.png
nyco-fh2-5l,NYCO-FH2-5L,FG00835,lubricants,live source card: same source id + SAP + name,assets/products/1781154144-6a2a41602de6d.png
nycolube64-1lt,NYCOLUBE64-1LT,FG01512,lubricants,live source card: same source id + SAP + name,assets/products/1781106258-6a298652578b0.png
nyco-gnga47-1kg,NYCO-GNGA47-1KG,FG00937,lubricants,live source card: same source id + SAP + name,assets/products/1781106141-6a2985dd22a62.png
nyco-gn3058-1kg,NYCO-GN3058-1KG,FG00941,lubricants,live source card: same source id + SAP + name,assets/products/1781106093-6a2985ad2a2cd.png
nyco-gn06-1kg,NYCO-GN06-1KG,FG00939,lubricants,live source card: same source id + SAP + name,assets/products/1781154161-6a2a4171eea70.png
nyco-gn07-1kg,NYCO-GN07-1KG,FG00932,lubricants,live source card: same source id + SAP + name,assets/products/1781154192-6a2a4190a6375.png
nyco-gnhc-1kg,NYCO-GNHC-1KG,FG00938,lubricants,live source card: same source id + SAP + name,assets/products/1781106160-6a2985f08f240.png
nycolube-7870-5lt,NYCOLUBE 7870-5LT,FG01522,lubricants,live source card: same source id + SAP + name,assets/products/1781106231-6a2986373116c.png
nyco65-vaseline-1kg,NYCO65-VASELINE-1KG,FG00936,lubricants,live source card: same source id + SAP + name,assets/products/1781106213-6a298625079c7.png
nyco-gn10-1kg,NYCO-GN10-1KG,FG00940,lubricants,live source card: same source id + SAP + name,assets/products/1781106053-6a2985852163d.png
nyco-gn22-1kg,NYCO-GN22-1KG,FG00934,lubricants,live source card: same source id + SAP + name,assets/products/1781106072-6a298598ceac0.png
nyco-gn4343-1kg,NYCO-GN4343-1KG,FG00935,lubricants,live source card: same source id + SAP + name,assets/products/1781106111-6a2985bf7fafb.png
nsbt8n-8oz,NSBT8N-8OZ,FG00931,lubricants,live source card: same source id + SAP + name,assets/products/1781105746-6a298452f1c63.png
nyco-turbonycoil-600-qt,Nyco Turbonycoil 600 QT,FG01162,lubricants,live source card: same source id + SAP + name,assets/products/1781154098-6a2a413277b58.png
ns-3913-g1-6oz-2606071426-821,NS-3913-G1-6OZ,FG00930,lubricants,live source card: same source id + SAP + name,assets/products/1781153100-6a2a3d4cf3e6f.png
nyco-avilube30-1l,NYCO-AVILUBE30-1L,FG00754,lubricants,live source card: same source id + SAP + name,assets/products/1781154122-6a2a414a81039.png
novagardg622-150gm,NOVAGARDG622-150GM,FG01562,lubricants,live source card: same source id + SAP + name,assets/products/1781153076-6a2a3d34949c4.png
ms122xd-135oz,MS122XD-13.5OZ,FG01377,lubricants,live source card: same source id + SAP + name,assets/products/1781259816-6a2bde288dc5f.png
molykote-dx-paste-1kg,MOLYKOTE-DX-PASTE-1KG,FG01172,lubricants,live source card: same source id + SAP + name,assets/products/1781250453-6a2bb9952016d.png
ms-122xd-14oz,MS-122XD-14OZ,FG00913,lubricants,live source card: same source id + SAP + name,assets/products/1781250780-6a2bbadc9dca8.png
molykote-g-n-plus-100gm,MOLYKOTE-G-N-PLUS-100GM,FG01511,lubricants,live source card: same source id + SAP + name,assets/products/1781250476-6a2bb9ac7acb6.png
molyspray700-400ml-2606071408-456,MOLYSPRAY700-400ML,FG00906,lubricants,live source card: same source id + SAP + name,assets/products/1781250702-6a2bba8e1a8b4.png
mobil28-2kg,MOBIL28-2KG,FG00903,lubricants,live source card: same source id + SAP + name,assets/products/1781259594-6a2bdd4ada20b.png
molykote33ldc33l-100gm,MOLYKOTE33L(DC33L)-100GM,FG00797,lubricants,live source card: same source id + SAP + name,assets/products/1781259747-6a2bdde34850c.png
molykote111dc111-100gm,MOLYKOTE111(DC111)-100GM,FG00796,lubricants,live source card: same source id + SAP + name,assets/products/1781259764-6a2bddf4e18be.png
molykote-tp42-100gm,MOLYKOTE-TP42-100GM,FG00924,lubricants,live source card: same source id + SAP + name,assets/products/1781259712-6a2bddc067790.png
mo-lith-no2-14oz,MO-LITH NO2-14OZ,FG01099,lubricants,live source card: same source id + SAP + name,assets/products/1781250351-6a2bb92fcc074.png
mo-lith-n02-16oz,MO-LITH-N0#2-16OZ,FG00905,lubricants,live source card: same source id + SAP + name,assets/products/1781250378-6a2bb94adc27a.png
molykote-br-2plus-400gm,MOLYKOTE-BR-2PLUS-400GM,FG00908,lubricants,live source card: same source id + SAP + name,assets/products/1781250429-6a2bb97d51190.png
mjo254-1qt,MJO254-1QT,FG00902,lubricants,live source card: same source id + SAP + name,assets/products/1781259578-6a2bdd3ae1aeb.png
mc1210-8slx19-14oz-jar,MC1210-8SLX19-14OZ JAR,FG01440,lubricants,live source card: same source id + SAP + name,assets/products/1781259188-6a2bdbb44ef45.png
lps2-00216-369ml,LPS2-(00216)-369ML,FG00879,lubricants,live source card: same source id + SAP + name,assets/products/1781257364-6a2bd4940565d.png
lubriplate-130a-15oz,LUBRIPLATE-130A-15OZ,FG00667,lubricants,live source card: same source id + SAP + name,assets/products/1781257559-6a2bd55735f4a.png
lubribond-220-1qt,LUBRIBOND-220-1QT,FG01362,lubricants,live source card: same source id + SAP + name,assets/products/1781257424-6a2bd4d000d1f.png
lubribond-220-12oz,LUBRIBOND-220-12OZ,FG00884,lubricants,live source card: same source id + SAP + name,assets/products/1781257501-6a2bd51daa8c6.png
m-br2-1kg,M-BR2-1KG,FG01279,lubricants,live source card: same source id + SAP + name,assets/products/1781257593-6a2bd57913c09.png
lps1-397ml-2606071401-821,LPS1-397ML,FG01330,lubricants,live source card: same source id + SAP + name,assets/products/1781246779-6a2bab3bc6fd4.png
ls-5941-1gl,LS-5941-1GL,FG00883,lubricants,live source card: same source id + SAP + name,assets/products/1781246871-6a2bab970b15f.png
loctite-lb8008-c5-a-1kg,LOCTITE-LB8008-(C5-A)-1KG,FG00777,lubricants,live source card: same source id + SAP + name,assets/products/1781252735-6a2bc27f9a4d5.png
krytox-240ac-2oz,KRYTOX-240AC-2OZ,FG01074,lubricants,live source card: same source id + SAP + name,assets/products/1781252357-6a2bc1055ff6a.png
loctite-lb8008-c5-a-4oz,LOCTITE-LB8008-(C5-A)-4OZ,FG01376,lubricants,live source card: same source id + SAP + name,assets/products/1781252775-6a2bc2a7cb065.png
ld4-1qt,LD4-1QT,FG01459,lubricants,live source card: same source id + SAP + name,assets/products/1781252392-6a2bc1281fe6f.png
l-gp-d148a-1kg,L-GP D148A-1KG,FG01126,lubricants,live source card: same source id + SAP + name,assets/products/1781245800-6a2ba76847b93.png
klubertemp-gr-rt-15n-100gm,KLUBERTEMP GR-RT-15N-100GM,FG01261,lubricants,live source card: same source id + SAP + name,assets/products/1781245714-6a2ba71279164.png
ke-45t,KE-45T,FG01381,lubricants,live source card: same source id + SAP + name,assets/products/1781252206-6a2bc06e6ad13.png
klingerflon-spray-400ml,KLINGERFLON-SPRAY-400ML,FG00855,lubricants,live source card: same source id + SAP + name,assets/products/1781252316-6a2bc0dcc5e5d.png
kluber-isoflex-topas-l3-600-grease-1kg,KLUBER-ISOFLEX TOPAS L3-600 GREASE-1KG,FG01523,lubricants,live source card: same source id + SAP + name,assets/products/1781252336-6a2bc0f02f4c7.png
hy-lite-jet-a1-fuel-test,HY-LITE JET A1 FUEL TEST,FG01481,lubricants,live source card: same source id + SAP + name,assets/products/1782214281-6a3a6e89c88d1.png
hyjet-iv-a-plus-1qt,HYJET-IV-A-PLUS-1QT,FG00848,lubricants,live source card: same source id + SAP + name,assets/products/1781245489-6a2ba631106f5.png
graphene702-400ml-2606071355-793,GRAPHENE702-400ML,FG00840,lubricants,live source card: same source id + SAP + name,assets/products/1781242904-6a2b9c18985b7.png
fw25b,FW25B,FG01361,lubricants,live source card: same source id + SAP + name,assets/products/1781242752-6a2b9b805d6af.png
everlube9001-1qt,EVERLUBE9001-1QT,FG00833,lubricants,live source card: same source id + SAP + name,assets/products/1781250019-6a2bb7e347876.png
enklo-46-26l,ENKLO 46 - 26L,FG01139,lubricants,live source card: same source id + SAP + name,assets/products/1781268235-6a2bff0b65ca8.png
eto2380-1qt,ETO2380-1QT,FG01146,lubricants,live source card: same source id + SAP + name,assets/products/1781268438-6a2bffd6bbcb8.png
dc44-medium-100gm,DC44-MEDIUM-100GM,FG01378,lubricants,live source card: same source id + SAP + name,assets/products/1781267326-6a2bfb7e3eb19.png
crc-3-36-500ml-2606071348-565,CRC-3-36-500ML,FG00792,lubricants,live source card: same source id + SAP + name,assets/products/1781266970-6a2bfa1abf77a.png
christo-lube-mcg111-1lb,CHRISTO-LUBE-MCG111-1LB,FG00789,lubricants,live source card: same source id + SAP + name,assets/products/1781248581-6a2bb24566e48.png
castrol-aero40-yellow-1qt,CASTROL-AERO40-YELLOW-1QT,FG00785,lubricants,live source card: same source id + SAP + name,assets/products/1781266417-6a2bf7f13790e.png
castrol-brayco881-1qt,CASTROL-BRAYCO881-1QT,FG00786,lubricants,live source card: same source id + SAP + name,assets/products/1781243159-6a2b9d17918ed.png
castrol-brayco795-5gl,CASTROL-BRAYCO795-5GL,FG01112,lubricants,live source card: same source id + SAP + name,assets/products/1781243134-6a2b9cfe8c9a5.png
castrol-brayco881-5gl,CASTROL-BRAYCO881-5GL,FG00787,lubricants,live source card: same source id + SAP + name,assets/products/1781266444-6a2bf80c04376.png
castrol-aero40-red-5gl-2606071345-624,CASTROL-AERO40-RED-5GL,FG00784,lubricants,live source card: same source id + SAP + name,assets/products/1781266371-6a2bf7c33b1e5.png
braycote248-1lb,BRAYCOTE248-1LB,FG00769,lubricants,live source card: same source id + SAP + name,assets/products/1782213070-6a3a69cedf82c.png
brayco460-5gl,BRAYCO460-5GL,FG00767,lubricants,live source card: same source id + SAP + name,assets/products/1781266012-6a2bf65c676a3.png
bp2197-qt,BP2197-QT,FG01547,lubricants,live source card: same source id + SAP + name,assets/products/1781265926-6a2bf606bf08b.png
brayco363-qtcan,BRAYCO363-QT/CAN,FG01320,lubricants,live source card: same source id + SAP + name,assets/products/1781265978-6a2bf63a65c2f.png
boelube70104-l-4oz,BOELUBE70104-L-4OZ,FG00709,lubricants,live source card: same source id + SAP + name,assets/products/1781265773-6a2bf56d87695.png
bioborjf-16oz,BIOBORJF-16OZ,FG00760,lubricants,live source card: same source id + SAP + name,assets/products/1781265747-6a2bf5538ff94.png
batco-x8401-2-14oz,BATCO-X8401-2-14OZ,FG01075,lubricants,live source card: same source id + SAP + name,assets/products/1781265701-6a2bf525005be.png
asto555-qt-2606071340-2,ASTO555-QT,FG01585,lubricants,live source card: same source id + SAP + name,assets/products/1781261649-6a2be55149543.png
asow100-1q,ASOW100_1Q,FG01203,lubricants,live source card: same source id + SAP + name,assets/products/1782212860-6a3a68fc23233.png
assembly-fluid1-4oz-2606071339-227,ASSEMBLY-FLUID1-4OZ,FG00839,lubricants,live source card: same source id + SAP + name,assets/products/1781268988-6a2c01fc9b737.png
asg7-3kg-2606071339-587,ASG7-3KG,FG00750,lubricants,live source card: same source id + SAP + name,assets/products/1781261017-6a2be2d989119.png
asg33-3kg-2606071339-48,ASG33-3KG,FG01065,lubricants,live source card: same source id + SAP + name,assets/products/1781261480-6a2be4a8f38a7.png
asg64-3kg,ASG64-3KG,FG00749,lubricants,live source card: same source id + SAP + name,assets/products/1781261506-6a2be4c2951f3.png
asg22-3kg-2606071339-823,ASG22-3KG,FG00748,lubricants,live source card: same source id + SAP + name,assets/products/1781261111-6a2be3372c3a5.png
asg14-3kg,ASG14-3KG,FG01413,lubricants,live source card: same source id + SAP + name,assets/products/1781261070-6a2be30e23bcd.png
asf12-1gl-2606071339-146,ASF12-1GL,FG00733,lubricants,live source card: same source id + SAP + name,assets/products/1782212675-6a3a684369e81.png
asf41-5l-2606071338-644,ASF41-5L,FG01137,lubricants,live source card: same source id + SAP + name,assets/products/1781268623-6a2c008fe42d4.png
asf31-1gl,ASF31-1GL,FG01127,lubricants,live source card: same source id + SAP + name,assets/products/1781268599-6a2c0077bd5a5.png
ardrox-av980-400ml,ARDROX-AV980-400ML,FG00745,lubricants,live source card: same source id + SAP + name,assets/products/1781267688-6a2bfce8b46f6.png
aerospec100-45kg-2606071332-649,AEROSPEC100-4.5KG,FG01312,lubricants,live source card: same source id + SAP + name,assets/products/1781266363-6a2bf7bbcc15d.png
airgo3001-1l,AIRGO3001-1L,FG01061,lubricants,live source card: same source id + SAP + name,assets/products/1781258619-6a2bd97b8bef4.png
aeriolthixo2-425gr,AERIOLTHIXO2_425GR,FG01586,lubricants,live source card: same source id + SAP + name,assets/products/1782208613-6a3a5865c8273.png
aircolsw68-5l,AIRCOLSW68-5L,FG00735,lubricants,live source card: same source id + SAP + name,assets/products/1782208705-6a3a58c1627ba.png
ah090831-2606071332-814,AH090831,FG00148,lubricants,live source card: same source id + SAP + name,assets/products/1782208681-6a3a58a9e5607.png
47v12500-1kg-2606071323-575,47V12500-1KG,FG01117,lubricants,live source card: same source id + SAP + name,assets/products/1781262924-6a2bea4c2279f.png
130-a-16oz,130-A-16OZ,FG01358,lubricants,live source card: same source id + SAP + name,assets/products/1781263518-6a2bec9eee334.png
zl-60dww-20ltr-fg02223,ZL-60DWW-20LTR,FG02223,chemicals,live source card: same source id + SAP + name,assets/products/20260929094445-aMhwciDHBt.jpg
flavoclean261-1ltr-fg02186,FLAVOCLEAN261-1LTR,FG02186,chemicals,live source card: same source id + SAP + name,assets/products/20260929094615-t8J64qTsEX.jpg
flavoclean329-1ltr-fg02185,FLAVOCLEAN329-1LTR,FG02185,chemicals,live source card: same source id + SAP + name,assets/products/20260929094721-9aGhGda3jX.jpg
flavoclean680-ii-1ltr-fg02184,FLAVOCLEAN680-II-1LTR,FG02184,chemicals,live source card: same source id + SAP + name,assets/products/20260929094809-bK4vMw2PBb.jpg
flavoclean680-i-1ltr-fg02183,FLAVOCLEAN680-I-1LTR,FG02183,chemicals,live source card: same source id + SAP + name,assets/products/20260929094949-mSdco84qSk.jpg
flavoclean735a-1gl-fg02182,FLAVOCLEAN735A-1GL,FG02182,chemicals,live source card: same source id + SAP + name,assets/products/20260929095129-8r2gU9mdD8.jpg
frekote710nc-1-usgl-fg02160,FREKOTE710NC-1 USGL,FG02160,chemicals,live source card: same source id + SAP + name,assets/products/20260929095248-O9AvcY6syT.jpg
patcod9100-4inx36yd-fg02155,PATCOD9100-4INX36YD,FG02155,chemicals,live source card: same source id + SAP + name,assets/products/20260929095401-QwsiqwC3Mh.jpg
turco6776lo-25kg-fg02126,TURCO6776LO-25KG,FG02126,chemicals,live source card: same source id + SAP + name,assets/products/20260929095620-p2U6EZChLy.jpg
m12159-1-pint-fg02125,"M12159, 1 PINT",FG02125,chemicals,live source card: same source id + SAP + name,assets/products/20260929100008-hdhLeWIdUF.jpg
teepol610-5l-fg02122,TEEPOL610-5L,FG02122,chemicals,live source card: same source id + SAP + name,assets/products/20260929103036-ZKaHs4OyHp.jpg
hexforceg0904-1070-mm-fg02072,HEXFORCEG0904(1070 MM),FG02072,chemicals,live source card: same source id + SAP + name,assets/products/20260930070042-ZRBChX1uNY.jpg
socopac-50s-500-ml-fg02058,SOCOPAC-50S (500 ML),FG02058,chemicals,live source card: same source id + SAP + name,assets/products/20260930070205-L7E5UBkEqk.jpg
loctite-frekote-48-nc-1-usgl-fg02045,LOCTITE FREKOTE 48-NC (1 USGL),FG02045,chemicals,live source card: same source id + SAP + name,assets/products/20260930070337-uiGqTLwC0Z.jpg
frekote-44-nc-5-litres-fg02044,FREKOTE 44-NC (5 LITRES),FG02044,chemicals,live source card: same source id + SAP + name,assets/products/20260930070458-HOxjRhRox8.jpg
frekote-700-nc-5-litre-fg02043,FREKOTE 700-NC (5 LITRE),FG02043,chemicals,live source card: same source id + SAP + name,assets/products/20260930070710-WHXzXF3xKR.jpg
tectyl-846-mil-prf-16173e-1-usqt-fg02038,TECTYL 846(MIL-PRF-16173E) 1 USQT,FG02038,chemicals,live source card: same source id + SAP + name,assets/products/20260930070921-WGMtfzBWnD.jpg
pd-680-ii-32lb-5usg-fg02004,PD 680-II- 32LB(5USG),FG02004,chemicals,live source card: same source id + SAP + name,assets/products/20260930071020-CQH5X8RMHE.jpg
as58-1-ltr-fg01981,AS58-1 LTR,FG01981,chemicals,live source card: same source id + SAP + name,assets/products/20260930071104-TfAPziOi3O.jpg
alc-isopropyl-1lt-fg01963,ALC-ISOPROPYL-1LT,FG01963,chemicals,live source card: same source id + SAP + name,assets/products/20260930071216-jGk1UMllzL.jpg
triboube-2n-4-oz-fg01962,TRIBOUBE 2N- 4 OZ,FG01962,chemicals,live source card: same source id + SAP + name,assets/products/20260930071352-2fMIRrGhHu.jpg
a-a-59601e-type-iii-1qt-fg01959,A-A-59601E TYPE III - 1QT,FG01959,chemicals,live source card: same source id + SAP + name,assets/products/20260930071446-c8sovCSi5z.jpg
ardrox9813-400ml-fg01943,ARDROX9813-400ML,FG01943,chemicals,live source card: same source id + SAP + name,assets/products/20260930071614-uY3aN91Z0V.jpg
ec-3515-b-a-fr-blue-1-6kg-kit-fg01942,EC-3515 B/A FR BLUE-1.6KG KIT,FG01942,chemicals,live source card: same source id + SAP + name,assets/products/20260930072922-pMazPd7suX.jpg
dykem-blue-80400-8fl-oz-fg01933,DYKEM BLUE 80400- 8FL OZ,FG01933,chemicals,live source card: same source id + SAP + name,assets/products/20260930073048-QDEiNvGEv0.jpg
343-a-2-400kn-100-f-fg01922,343-A-2-400KN-100-F,FG01922,chemicals,live source card: same source id + SAP + name,assets/products/20260930073216-n7jApxQKYR.jpg
343-a-1-100kn-100-f-fg01921,343-A-1-100KN-100-F,FG01921,chemicals,live source card: same source id + SAP + name,assets/products/20260930073532-Ue8XJBArsS.jpg
343-a-1-63kn-100-f-fg01920,343-A-1-63KN-100-F,FG01920,chemicals,live source card: same source id + SAP + name,assets/products/20260930073559-3ZQTJTNRux.jpg
343-a-1-25kn-100-f-fg01919,343-A-1-25KN-100-F,FG01919,chemicals,live source card: same source id + SAP + name,assets/products/20260930073707-92GgVnkCnx.jpg
humidity-indicating-card-fg01874,HUMIDITY INDICATING CARD,FG01874,chemicals,live source card: same source id + SAP + name,assets/products/20260930073851-9QsLI5IfYj.jpg
sodium-alginate-500gm-fg01847,SODIUM ALGINATE-500GM,FG01847,chemicals,live source card: same source id + SAP + name,assets/products/20260930074035-pWBvdRKT4a.jpg
diestone-s-fg01826,DIESTONE S,FG01826,chemicals,live source card: same source id + SAP + name,assets/products/20260930071740-Qimq1wJ3AN.jpg
skydrol-ld-4-55-gallon-208-l-drum-fg01817,SKYDROL LD-4- 55 GALLON (208 L) DRUM,FG01817,chemicals,live source card: same source id + SAP + name,assets/products/20260930071849-3Cy32fcBJ0.jpg
skydrol-ld-4-5-us-gallon-18-93-l-pail-fg01816,SKYDROL LD-4- 5 US GALLON (18.93 L) PAIL,FG01816,chemicals,live source card: same source id + SAP + name,assets/products/20260930071954-OK288ZU5KJ.jpg
skydrol-ld-4-1-us-gallon-3-81-kg-can-fg01815,SKYDROL LD-4- 1 US GALLON (3.81 KG) CAN,FG01815,chemicals,live source card: same source id + SAP + name,assets/products/20260930072034-N5TEWNPLPB.jpg
skydrol-ld4-1qt-fg01814,SKYDROL LD4 -1QT,FG01814,chemicals,live source card: same source id + SAP + name,assets/products/20260930072055-rfgMK3d6YA.jpg
super-bee-300lf-25ltr-fg01801,SUPER BEE 300LF-25LTR,FG01801,chemicals,live source card: same source id + SAP + name,assets/products/20260930072157-Sp1PboPUXl.jpg
ms-snoop-8oz-fg01798,MS-SNOOP-8OZ,FG01798,chemicals,live source card: same source id + SAP + name,assets/products/20260930072302-fAZlVnW2WL.jpg
synclair-a-c-5l-fg01789,SYNCLAIR A/C-5L,FG01789,chemicals,live source card: same source id + SAP + name,assets/products/20260930072410-FPzWndQqtC.jpg
model-no25s-fg01780,MODEL-NO25S,FG01780,chemicals,live source card: same source id + SAP + name,assets/products/20260930072516-v0QBhza3Ae.jpg
m11463-pt-fg01767,M11463-PT,FG01767,chemicals,live source card: same source id + SAP + name,assets/products/20260930072630-5yLdcQUPYQ.jpg
g-48-fg01765,G-48,FG01765,chemicals,live source card: same source id + SAP + name,assets/products/20260930072739-9bcKyQBdew.jpg
ms222n-14oz-fg01749,MS222N-14OZ,FG01749,chemicals,live source card: same source id + SAP + name,assets/products/20260929075801-9bHlQcPqwb.jpg
loctite-sf-7063-surface-cleaner-fg01745,LOCTITE SF 7063 SURFACE CLEANER,FG01745,chemicals,live source card: same source id + SAP + name,assets/products/20260929075908-PLGnVMHaIB.jpg
mil-c-6529-type-ii-fg01744,MIL-C-6529 Type II,FG01744,chemicals,live source card: same source id + SAP + name,assets/products/20260929080239-PP8FnaVdX6.jpg
liqui-moly-nv-pint-fg01716,LIQUI-MOLY-NV-PINT,FG01716,chemicals,live source card: same source id + SAP + name,assets/products/20260929080137-YfkVpQLdhP.jpg
tjs322902-fg01670,TJS322902,FG01670,chemicals,live source card: same source id + SAP + name,assets/products/20260929080026-ghRljimit7.jpg
toluene-25lrankem,TOLUENE-2.5L(RANKEM),FG00984,chemicals,live source card: same source id + SAP + name,assets/products/1781081702-6a2926665d11a.png
sodium-bicarbonate-500mlcan,SODIUM BICARBONATE- 500ML/CAN,FG01514,chemicals,live source card: same source id + SAP + name,assets/products/1781157484-6a2a4e6caf794.png
so-sure0944-000-11oz,SO-SURE(0944-000)-11OZ,FG00896,chemicals,live source card: same source id + SAP + name,assets/products/1781157466-6a2a4e5acd8b3.png
sku1567-2606071439-143,SKU1567,FG01272,chemicals,live source card: same source id + SAP + name,assets/products/1781157435-6a2a4e3bbf0f2.png
skl-sp1-420ml-2606071439-440,SKL-SP1-420ML,FG01020,chemicals,live source card: same source id + SAP + name,assets/products/1781155772-6a2a47bc9ddbc.png
sherlock-tyii-1gln,SHERLOCK-TYII-1GLN,FG01014,chemicals,live source card: same source id + SAP + name,assets/products/1781155715-6a2a4783f11a5.png
skd-s2-420ml,SKD-S2-420ML,FG01019,chemicals,live source card: same source id + SAP + name,assets/products/1781155747-6a2a47a37e95f.png
releasys-dfx,RELEASYS DFX,FG01150,chemicals,live source card: same source id + SAP + name,assets/products/1781085397-6a2934d56cda2.png
royco481-5gl-2606071434-839,ROYCO481-5GL,FG00988,chemicals,live source card: same source id + SAP + name,assets/products/1781155410-6a2a4652dc816.png
rain-x-7oz,RAIN-X-7OZ,FG00980,chemicals,live source card: same source id + SAP + name,assets/products/1781155161-6a2a455960c6c.png
rankem-2-propanol-25l,RANKEM 2-PROPANOL-2.5L,FG00675,chemicals,live source card: same source id + SAP + name,assets/products/1781155213-6a2a458d75e7c.png
preval-1568,PREVAL-1568,FG01023,chemicals,live source card: same source id + SAP + name,assets/products/1781084882-6a2932d23c007.png
pr188-pt,PR188-PT,FG01612,chemicals,live source card: same source id + SAP + name,assets/products/1781084658-6a2931f2ec153.png
pr188-1oz,PR188-1OZ,FG00973,chemicals,live source card: same source id + SAP + name,assets/products/1781084626-6a2931d292d51.png
pr186-30ml-2606071432-99,PR186-30ML,FG00972,chemicals,live source card: same source id + SAP + name,assets/products/1781084087-6a292fb78285d.png
pr148-500ml-2606071432-938,PR148-500ML,FG00962,chemicals,live source card: same source id + SAP + name,assets/products/1781087801-6a293e3979b00.png
pr1861-1oz,PR1861-1OZ,FG00971,chemicals,live source card: same source id + SAP + name,assets/products/1781088158-6a293f9e8fa35.png
pr142-pt-2606071430-80,PR142-PT,FG01611,chemicals,live source card: same source id + SAP + name,assets/products/1781087777-6a293e2110414.png
pm820-750gm,PM820-750GM,FG01540,chemicals,live source card: same source id + SAP + name,assets/products/1781154330-6a2a421a39601.png
plastline55-1kg,PLASTLINE55-1KG,FG00953,chemicals,live source card: same source id + SAP + name,assets/products/1781087585-6a293d619ccb0.png
nycoprotec-05-5l,NYCOPROTEC 05-5L,FG01521,chemicals,live source card: same source id + SAP + name,assets/products/1781087060-6a293b54e540f.png
never-seez-nsn165-1lb,NEVER SEEZ-NSN165-1LB,FG00925,chemicals,live source card: same source id + SAP + name,assets/products/1781153036-6a2a3d0c4a313.png
npbt8-8oz-2606071424-414,NPBT8-8OZ,FG00929,chemicals,live source card: same source id + SAP + name,assets/products/1781095358-6a295bbe2e25a.png
mpk-25ltr,MPK-2.5LTR,FG01535,chemicals,live source card: same source id + SAP + name,assets/products/1781259800-6a2bde185e8a6.png
molykote7dc7-100gm,MOLYKOTE7(DC7)-100GM,FG00800,chemicals,live source card: same source id + SAP + name,assets/products/1781250621-6a2bba3dd70f3.png
mpk-500-ml,MPK-500 ML,FG01622,chemicals,live source card: same source id + SAP + name,assets/products/1781250756-6a2bbac4c8ff9.png
mouse-milk-8oz,MOUSE-MILK-8OZ,FG00912,chemicals,live source card: same source id + SAP + name,assets/products/1781250730-6a2bbaaa6cff2.png
molykote-g-rapid-plus-spray-400ml,MOLYKOTE-G-RAPID-PLUS-SPRAY-400ML,FG00909,chemicals,live source card: same source id + SAP + name,assets/products/1781250499-6a2bb9c3775cd.png
molykote5dc5-150gm,MOLYKOTE5(DC5)-150GM,FG00799,chemicals,live source card: same source id + SAP + name,assets/products/1781250584-6a2bba1890ba7.png
molykote-g-rapid-plus-paste-1kg,MOLYKOTE-G-RAPID-PLUS-PASTE-1KG,FG01264,chemicals,live source card: same source id + SAP + name,assets/products/1781259653-6a2bdd85f3767.png
molykote-z-powder-1kg,MOLYKOTE-Z-POWDER-1KG,FG00911,chemicals,live source card: same source id + SAP + name,assets/products/1781259729-6a2bddd133d2e.png
molykote-3402c-lf-500gm,MOLYKOTE-3402C-LF-500GM,FG01572,chemicals,live source card: same source id + SAP + name,assets/products/1781259611-6a2bdd5bb609d.png
molykote-d321r-400ml,MOLYKOTE-D321R-400ML,FG00794,chemicals,live source card: same source id + SAP + name,assets/products/1781259635-6a2bdd73480a1.png
mil-dtl-85054d-11oz,MIL-DTL-85054D-11OZ,FG01382,chemicals,live source card: same source id + SAP + name,assets/products/1781250101-6a2bb835a7b32.png
mil-prf-83483-1lb,MIL-PRF-83483-1LB,FG01508,chemicals,live source card: same source id + SAP + name,assets/products/1781250205-6a2bb89d23c82.png
mil-c-5040h-tyiii-white-1000ft,MIL-C-5040H-TYIII-WHITE-1000FT,FG00894,chemicals,live source card: same source id + SAP + name,assets/products/1781259355-6a2bdc5b7f635.png
mik-500ml,MIK-500ML,FG01317,chemicals,live source card: same source id + SAP + name,assets/products/1781259278-6a2bdc0e55962.png
mibk-500ml-rankem,MIBK-500ML (RANKEM),FG00892,chemicals,live source card: same source id + SAP + name,assets/products/1781259228-6a2bdbdc6c98b.png
methanol-25l-qualigens,METHANOL-2.5L ( QUALIGENS),FG00890,chemicals,live source card: same source id + SAP + name,assets/products/1781249868-6a2bb74c4543a.png
mec-513063-5lbs,MEC 513.063 5LBS,FG01526,chemicals,live source card: same source id + SAP + name,assets/products/1781249840-6a2bb7309cced.png
met-l-chek-d70-16oz-2606071405-993,MET-L-CHEK-D70-16OZ,FG00891,chemicals,live source card: same source id + SAP + name,assets/products/1781259210-6a2bdbca16f42.png
m-p37-1kg-2606071401-54,M-P37-1KG,FG01371,chemicals,live source card: same source id + SAP + name,assets/products/1781257615-6a2bd58f946c5.png
lps3-00316-380ml,LPS3-(00316)-380ML,FG00880,chemicals,live source card: same source id + SAP + name,assets/products/1781257401-6a2bd4b9a3f0c.png
lps-02705-5gl,LPS-02705-5GL,FG00878,chemicals,live source card: same source id + SAP + name,assets/products/1781257298-6a2bd4523c05a.png
lotoxane-5l-2606071400-126,LOTOXANE-5L,FG00877,chemicals,live source card: same source id + SAP + name,assets/products/1781246582-6a2baa76f34a6.png
lps-a-15104320-498ml,LPS-A-151(04320)-498ML,FG00881,chemicals,live source card: same source id + SAP + name,assets/products/1781246809-6a2bab5909e1b.png
leak-tec-372e-8oz,LEAK-TEC-372E-8OZ,FG00680,chemicals,live source card: same source id + SAP + name,assets/products/1781252409-6a2bc139af67b.png
leaksuch-spray,LEAKSUCH SPRAY,FG01388,chemicals,live source card: same source id + SAP + name,assets/products/1781252427-6a2bc14be2983.png
lapping-paste-medium,LAPPING PASTE-MEDIUM,FG01368,chemicals,live source card: same source id + SAP + name,assets/products/1781245926-6a2ba7e69df52.png
lapping-paste-fine-400gm,LAPPING-PASTE-FINE-400GM,FG00859,chemicals,live source card: same source id + SAP + name,assets/products/1781245962-6a2ba80a07b7d.png
lapping-paste-fine,LAPPING PASTE-FINE,FG01367,chemicals,live source card: same source id + SAP + name,assets/products/1781245880-6a2ba7b881838.png
ht3000fr-125,HT3000FR-125,FG01120,chemicals,live source card: same source id + SAP + name,assets/products/1782214217-6a3a6e490ee5f.png
hum-bug-detector-kit-2606071356-732,HUM-BUG-DETECTOR-KIT,FG00846,chemicals,live source card: same source id + SAP + name,assets/products/1782214257-6a3a6e71d6393.png
isopar-h-15kg,ISOPAR-H-15KG,FG00852,chemicals,live source card: same source id + SAP + name,assets/products/1781245552-6a2ba6700f393.png
isopropyl-alcohol-99,ISOPROPYL-ALCOHOL-99,FG01434,chemicals,live source card: same source id + SAP + name,assets/products/1781251927-6a2bbf57020b0.png
ethanol-500ml-msb,ETHANOL-500ML (MSB),FG00832,chemicals,live source card: same source id + SAP + name,assets/products/1781249937-6a2bb791a9b2e.png
everbrite-qt,EVERBRITE-QT,FG01116,chemicals,live source card: same source id + SAP + name,assets/products/1781242128-6a2b991040f33.png
dykem-orange-81413-80z,DYKEM-ORANGE-(81413)-80Z,FG00808,chemicals,live source card: same source id + SAP + name,assets/products/1781249404-6a2bb57c39b5c.png
diluant-de083-5l,DILUANT-DE08.3-5L,FG01356,chemicals,live source card: same source id + SAP + name,assets/products/1781267608-6a2bfc985dccc.png
dm-water-5l-2606071350-214,DM-WATER-5L,FG00806,chemicals,live source card: same source id + SAP + name,assets/products/1781249250-6a2bb4e2a467c.png
diestone-msk-20l,DIESTONE-MSK-20L,FG00805,chemicals,live source card: same source id + SAP + name,assets/products/1781267577-6a2bfc798b48f.png
devcon-f-500gm,DEVCON-F-500GM,FG01372,chemicals,live source card: same source id + SAP + name,assets/products/1781267422-6a2bfbde2b650.png
das2081-4-2606071349-508,DAS2081-4,FG00270,chemicals,live source card: same source id + SAP + name,assets/products/1781248929-6a2bb3a171be0.png
corbon35-12oz,CORBON35-12OZ,FG01375,chemicals,live source card: same source id + SAP + name,assets/products/1781266899-6a2bf9d37f7eb.png
cor-ban27l-5oz,COR-BAN27L-5OZ,FG00791,chemicals,live source card: same source id + SAP + name,assets/products/1781266872-6a2bf9b8b0468.png
copper-sulphate-500gm-rankem,COPPER-SULPHATE-500GM (RANKEM),FG00790,chemicals,live source card: same source id + SAP + name,assets/products/1781248662-6a2bb29608fbc.png
chlorine-solution-5l,CHLORINE SOLUTION-5L,FG01513,chemicals,live source card: same source id + SAP + name,assets/products/1781248547-6a2bb22395244.png
d5100-ns-12-oz,D5100 NS -12 OZ,FG01589,chemicals,live source card: same source id + SAP + name,assets/products/1781248734-6a2bb2de7c820.png
cimeco-108-5kg,CIMECO 108-5KG,FG01517,chemicals,live source card: same source id + SAP + name,assets/products/1781248602-6a2bb25a10aa0.png
clear-protective-coating,CLEAR PROTECTIVE COATING,FG01165,chemicals,live source card: same source id + SAP + name,assets/products/1781266848-6a2bf9a0436d9.png
calla804-1gl,CALLA804-1GL,FG01548,chemicals,live source card: same source id + SAP + name,assets/products/1782213652-6a3a6c14e35e7.png
c2815-5l-2606071345-92,C28/15-5L,FG00775,chemicals,live source card: same source id + SAP + name,assets/products/1781266138-6a2bf6da81f33.png
brayco599-8oz-2606071345-858,BRAYCO599-8OZ,FG00768,chemicals,live source card: same source id + SAP + name,assets/products/1781241966-6a2b986e02422.png
bonderite-m-cr1200s-aero-1kg,BONDERITE-M-CR1200S-AERO-1KG,FG00764,chemicals,live source card: same source id + SAP + name,assets/products/1781265876-6a2bf5d44dbd2.png
brayco-589-5gl,BRAYCO 589-5GL,FG01215,chemicals,live source card: same source id + SAP + name,assets/products/1781265952-6a2bf620afbfa.png
biobor-jf-qt,BIOBOR JF-QT,FG01217,chemicals,live source card: same source id + SAP + name,assets/products/1781240299-6a2b91eb2b55c.png
bonderite-m-cr1200s-aero-10kg,BONDERITE-M-CR1200S-AERO-10KG,FG00763,chemicals,live source card: same source id + SAP + name,assets/products/1781240662-6a2b93561e1a8.png
bms3-28-1lb-2606071342-421,BMS3-28-1LB,FG01374,chemicals,live source card: same source id + SAP + name,assets/products/1782213049-6a3a69b947a8b.png
av100d-1l-2606071340-730,AV100D-1L,FG01357,chemicals,live source card: same source id + SAP + name,assets/products/1781261746-6a2be5b28f81b.png
ardrox9704-400ml,ARDROX9704-400ML,FG01603,chemicals,live source card: same source id + SAP + name,assets/products/1782209178-6a3a5a9a69544.jpg
armite-lf-as-328-1lb,ARMITE-LF-AS-328-1LB,FG00762,chemicals,live source card: same source id + SAP + name,assets/products/1781267705-6a2bfcf9984a3.png
ardrox-av30-1l,ARDROX-AV30-1L,FG01073,chemicals,live source card: same source id + SAP + name,assets/products/1781259494-6a2bdce6194a7.png
ardrox-av40-1l,ARDROX-AV40-1L,FG01131,chemicals,live source card: same source id + SAP + name,assets/products/1781259536-6a2bdd104ce3a.png
ardrox8505-1lb,ARDROX8505-1LB,FG01620,chemicals,live source card: same source id + SAP + name,assets/products/1781259573-6a2bdd35069e0.png
ardrox-av8-1l,ARDROX-AV8-1L,FG00753,chemicals,live source card: same source id + SAP + name,assets/products/1781259457-6a2bdcc14ac40.png
ardrox-av30-400ml,ARDROX-AV30-400ML,FG01105,chemicals,live source card: same source id + SAP + name,assets/products/1782209038-6a3a5a0e929ee.png
ardrox-av15-1l,ARDROX AV15-1L,FG01066,chemicals,live source card: same source id + SAP + name,assets/products/1782209017-6a3a59f932824.png
ardroc9d4a-500gm,ARDROC9D4A-500GM,FG01380,chemicals,live source card: same source id + SAP + name,assets/products/1782208960-6a3a59c09c30e.png
ardrox-av25-1l,ARDROX-AV25-1L,FG00752,chemicals,live source card: same source id + SAP + name,assets/products/1781267643-6a2bfcbb62f10.png
ardrox-3961-e8,ARDROX 396/1 E8,FG01580,chemicals,live source card: same source id + SAP + name,assets/products/1781259262-6a2bdbfec6ff3.png
ardrox-3965-25l,ARDROX 3965-25L,FG01600,chemicals,live source card: same source id + SAP + name,assets/products/1781259321-6a2bdc398f247.png
al-chom-50i-25kg-2606071333-946,AL-CHOM-50I-25KG,FG01088,chemicals,live source card: same source id + SAP + name,assets/products/1782208775-6a3a5907b28f8.png
aliphatic-naptha-tyii-1gl,ALIPHATIC-NAPTHA-TYII-1GL,FG00737,chemicals,live source card: same source id + SAP + name,assets/products/1781258837-6a2bda55235f6.png
acetone-25lrankem-2606071332-708,ACETONE-2.5L(RANKEM),FG00981,chemicals,live source card: same source id + SAP + name,assets/products/1781258189-6a2bd7cd665ad.png
aerokroil-13oz-2606071332-90,AEROKROIL-13OZ,FG00732,chemicals,live source card: same source id + SAP + name,assets/products/1782208660-6a3a5894652b5.png
ac-130-2-100ml,AC-130-2-100ML,FG01351,chemicals,live source card: same source id + SAP + name,assets/products/1781264450-6a2bf042d3977.png
acf50-13oz,ACF50-13OZ,FG01555,chemicals,live source card: same source id + SAP + name,assets/products/1781349492-6a2d3c74459e1.png
25s-25oz,25S-2.5OZ,FG00904,chemicals,live source card: same source id + SAP + name,assets/products/1781263405-6a2bec2d34b18.png
16ox-8oz,16OX-8OZ,FG01412,chemicals,live source card: same source id + SAP + name,assets/products/1781263354-6a2bebfa397c6.png
s21-8-900gm-fg02178,S21/8-900GM,FG02178,paints,live source card: same source id + SAP + name,assets/products/20260924111001-Y90gXJtOCd.jpg
n59111-mb37601-5kg-fg02176,N59111/MB37601-5KG,FG02176,paints,live source card: same source id + SAP + name,assets/products/20260924111201-Bs6oBnWZn6.jpg
tr-19-1-usgl-fg02173,TR-19-1-USGL,FG02173,paints,live source card: same source id + SAP + name,assets/products/20260924111328-HD5Kjz20mE.jpg
t187-gpr0-5ltr-fg02169,T187-GPR0-5LTR,FG02169,paints,live source card: same source id + SAP + name,assets/products/20260924111503-HYKwjdAlxi.jpg
polystop-lp-50gm-fg02167,POLYSTOP-LP-50GM,FG02167,paints,live source card: same source id + SAP + name,assets/products/20260924111615-XVBwh8oWF1.jpg
ecl-f-92-pc-233-bac701-1gln-kit-fg02154,ECL-F-92/PC-233(BAC701)-1GLN-KIT,FG02154,paints,live source card: same source id + SAP + name,assets/products/20260924111734-s9bSPK2rOM.jpg
tt-p-1757-1-usgl-fg02117,"TT-P-1757, 1 USGL",FG02117,paints,live source card: same source id + SAP + name,assets/products/20260924111906-e7IL5EZsRD.jpg
tt-p-1757-1-usgl-fg02116,"TT-P-1757, 1 USGL",FG02116,paints,live source card: same source id + SAP + name,assets/products/20260924111922-L2GWAJ3fJH.jpg
ethyl-acetate-500ml-fg02114,ETHYL-ACETATE-500ML,FG02114,paints,live source card: same source id + SAP + name,assets/products/20260924112112-doa1CqXu06.jpg
u-1201f-u-1202-2-usqt-kit-fg02052,U-1201F/U-1202(2 USQT KIT),FG02052,paints,live source card: same source id + SAP + name,assets/products/20260924112243-5i92YnItZZ.jpg
sc-1071h-1-5-gln-fg02047,SC-1071H-1 (5 GLN),FG02047,paints,live source card: same source id + SAP + name,assets/products/20260924112447-3ltb2VVvFh.jpg
n53-621-ral7035-5kg-fg02023,N53-621-RAL7035-5KG,FG02023,paints,live source card: same source id + SAP + name,assets/products/20260924112633-uBwMLwiDPX.jpg
ppg-01809000-gtm0-f580-2080-2-5-litre-fg02016,PPG 01809000-GTM0-F580-2080(2.5 LITRE),FG02016,paints,live source card: same source id + SAP + name,assets/products/20260924112831-IOTf94mh9m.jpg
epoxy-primer-37035a-5-lt-fg01970,EPOXY PRIMER 37035A 5 LT,FG01970,paints,live source card: same source id + SAP + name,assets/products/20260924114255-eju3gWgKfR.jpg
8800fcct-2-2-5ltr-fg01956,8800FCCT-2 2.5LTR,FG01956,paints,live source card: same source id + SAP + name,assets/products/20260924114402-mu16VB3vuN.jpg
aerodur-3001-base-coat-bac707-gray-qt-fg01951,AERODUR 3001 BASE COAT BAC707 GRAY-QT,FG01951,paints,live source card: same source id + SAP + name,assets/products/20260924115013-HHJksCRtlr.jpg
ecs2420-0024-pu-50-1kg-fg01935,ECS2420.0024 PU 50-1KG,FG01935,paints,live source card: same source id + SAP + name,assets/products/20260924115114-YnzgkwVB5e.jpg
ecs2020-mo273-hb-170-grey-2640-3kg-fg01934,ECS2020 MO273 HB/170 GREY 2640-3KG,FG01934,paints,live source card: same source id + SAP + name,assets/products/20260924115144-VosTsPIU6z.jpg
ss4120-0-363kg-fg01923,SS4120-0.363KG,FG01923,paints,live source card: same source id + SAP + name,assets/products/20260924115247-ZCXqiwrP5P.jpg
epocast-50-a-1-946-qt-fg01824,EPOCAST 50 A-1/946-QT,FG01824,paints,live source card: same source id + SAP + name,assets/products/20260924115403-hAmY3RjdEv.jpg
f63a33-1gl-fg01808,F63A33-1GL,FG01808,paints,live source card: same source id + SAP + name,assets/products/20260924115525-ZyInLMKqOu.jpg
ca9100-m9001-grey-5l-fg01788,CA9100/M9001-GREY-5L,FG01788,paints,live source card: same source id + SAP + name,assets/products/20260924114544-Sf0tz3LsWK.jpg
akzonobel28c1-1gl-fg01787,AKZONOBEL28C1-1GL,FG01787,paints,live source card: same source id + SAP + name,assets/products/20260924114710-Fb0OUE5Fw2.jpg
alexit-fst-primer-343-57-6kg-fg01782,ALEXIT-FST-PRIMER 343-57-6KG,FG01782,paints,live source card: same source id + SAP + name,assets/products/20260924114836-IiAOvGXxvz.jpg
8800fcct-1-2-5-ltr-fg01769,8800FCCT-1-2.5 LTR,FG01769,paints,live source card: same source id + SAP + name,assets/products/20260924110032-HWD3Diio9i.jpg
8800i01008-kah0-5lt-fg01757,8800I01008-KAH0-5LT,FG01757,paints,live source card: same source id + SAP + name,assets/products/20260924110209-WoCgagERma.jpg
pr143-5lt-fg01731,PR143-5LT,FG01731,paints,live source card: same source id + SAP + name,assets/products/20260924110329-03w0gZd9f8.jpg
alexit-fst-strukurlack-404-12-5kg-fg01725,ALEXIT-FST STRUKURLACK 404-12-5KG,FG01725,paints,live source card: same source id + SAP + name,assets/products/20260924105919-Ac36mFswu5.jpg
ppg-pr205-kbdu-3lt-fg01721,PPG PR205-KBDU-3LT,FG01721,paints,live source card: same source id + SAP + name,assets/products/20260924110433-UgefjVpiJe.jpg
alexit-fst-346-55-aic-12-5-5kg-fg01684,ALEXIT FST 346-55 AIC 12.5-5KG,FG01684,paints,live source card: same source id + SAP + name,assets/products/20260924110532-yqJ4RdKsiV.jpg
aerogear-823-5lt-fg01667,AEROGEAR 823-5LT,FG01667,paints,live source card: same source id + SAP + name,assets/products/20260924105818-sm6kHCT5gV.jpg
fe08-2-gray-1625-3ltr-fg01233,FE08-2-GRAY-1625-3LTR,FG01233,paints,live source card: same source id + SAP + name,assets/products/20260924105723-HVrVgEzKau.jpg
araldite-aw106-1kg,ARALDITE-AW106-1KG,FG00757,paints,live source card: same source id + SAP + name,assets/products/1782214734-6a3a704eb5917.png
thinner-p2-thinner,THINNER-P2-THINNER,FG01198,paints,live source card: same source id + SAP + name,assets/products/1781082782-6a292a9e5a5b8.png
seevenax135-20-18kg,SEEVENAX135-20-1.8KG,FG01134,paints,live source card: same source id + SAP + name,assets/products/1781155677-6a2a475d107e2.png
sku271-1,SKU271-1,FG01333,paints,live source card: same source id + SAP + name,assets/products/1781156038-6a2a48c6ed3af.png
pr1428a12-sk654,PR1428A1/2-SK654,FG01568,paints,live source card: same source id + SAP + name,assets/products/1781154712-6a2a43986632e.png
ppg-t4-5l,PPG-T4-5L,FG01033,paints,live source card: same source id + SAP + name,assets/products/1781087753-6a293e09a9f1e.png
ppg-825-009-qtkit,PPG-825-009-QTKIT,FG01224,paints,live source card: same source id + SAP + name,assets/products/1781087698-6a293dd22b476.png
ppg-528x310910x464-2gl-kit,PPG-528X310/910X464-2GL KIT,FG01470,paints,live source card: same source id + SAP + name,assets/products/1781087662-6a293dae6165b.png
ppg-cv117-1l,PPG-CV117-1L,FG00793,paints,live source card: same source id + SAP + name,assets/products/1781087736-6a293df89dd3c.png
ppg-04349000-gpra-5lt,PPG-04349000-GPRA-5LT,FG01260,paints,live source card: same source id + SAP + name,assets/products/1781154488-6a2a42b89f537.png
ppg-cv116-gpro-5l,PPG CV116-GPRO -5L,FG01462,paints,live source card: same source id + SAP + name,assets/products/1781154436-6a2a428431e90.png
ppg-06139000-2lt,PPG-0613/9000-2LT,FG01256,paints,live source card: same source id + SAP + name,assets/products/1781154472-6a2a42a8403cd.png
ppg-05809000-5lt,PPG-0580/9000-5LT,FG01257,paints,live source card: same source id + SAP + name,assets/products/1781154454-6a2a4296a87ce.png
ppg-08419000-grra-5lt,PPG-08419000-GRRA-5LT,FG01259,paints,live source card: same source id + SAP + name,assets/products/1781154607-6a2a432f101d6.png
ppg-76413600-kaha-5lt,PPG-76413600-KAHA-5LT,FG01258,paints,live source card: same source id + SAP + name,assets/products/1781154625-6a2a4341dbc8d.png
pceh100v2-beige-1907-400gm,PCEH100V2-BEIGE-1907-400GM,FG00950,paints,live source card: same source id + SAP + name,assets/products/1781087370-6a293c8a5bcf3.png
pceh100-beige-pb-440gm,PCEH100-BEIGE-PB-440GM,FG00949,paints,live source card: same source id + SAP + name,assets/products/1781087351-6a293c77eb6e5.png
mil-prf-23377-ty1,MIL-PRF-23377 TY1,FG01209,paints,live source card: same source id + SAP + name,assets/products/1781250176-6a2bb880ae4b9.png
mil-t-81772b-tyii-1gl,MIL-T-81772B-TYII-1GL,FG00900,paints,live source card: same source id + SAP + name,assets/products/1781259562-6a2bdd2abecb9.png
m850522-6,M85052/2-6,FG01497,paints,live source card: same source id + SAP + name,assets/products/1781249681-6a2bb691a473c.png
mil-c-8514c-yellow-1gln,MIL-C-8514C-YELLOW-1GLN,FG00895,paints,live source card: same source id + SAP + name,assets/products/1781250069-6a2bb815cbc88.png
lfsh066-1kg-2606071358-992,LFSH066-1KG,FG01386,paints,live source card: same source id + SAP + name,assets/products/1781252464-6a2bc170a8671.png
krylon-k1318-12oz,KRYLON-K1318-12OZ,FG00857,paints,live source card: same source id + SAP + name,assets/products/1781245772-6a2ba74c41fce.png
hv953u-in-08kg,HV953U IN-0.8KG,FG01219,paints,live source card: same source id + SAP + name,assets/products/1781251816-6a2bbee8e5a8d.png
hv953u-08kg-2606071356-706,HV953U-0.8KG,FG01326,paints,live source card: same source id + SAP + name,assets/products/1781251844-6a2bbf0400fc9.png
hv998-2kg,HV998-2KG,FG01591,paints,live source card: same source id + SAP + name,assets/products/1781251866-6a2bbf1aeb6d4.png
fe08-2-gray-1625-3ltr-2606071354-325,FE08-2-GRAY-1625-3LTR,FG01354,paints,live source card: same source id + SAP + name,assets/products/1781251225-6a2bbc9937907.png
epocast-1636ab-1qk,EPOCAST-1636A/B-1QK,FG00830,paints,live source card: same source id + SAP + name,assets/products/1781249884-6a2bb75c67fff.png
f70a-base-4l,F70A-BASE-4L,FG01534,paints,live source card: same source id + SAP + name,assets/products/1781242175-6a2b993fcd139.png
ecl-g-101tr-109-bac707-4gk,ECL-G-101/TR-109-BAC707-4GK,FG00818,paints,live source card: same source id + SAP + name,assets/products/1781267942-6a2bfde683516.png
ecl-g-2pl-233tr109-4qk,ECL-G-2/PL-233/TR109 -4QK,FG00819,paints,live source card: same source id + SAP + name,assets/products/1781267892-6a2bfdb4020a5.png
ecl-g-2tr-109,ECL-G-2/TR-109,FG01350,paints,live source card: same source id + SAP + name,assets/products/1781267920-6a2bfdd0ee920.png
durcisseur-xd150-250gm,DURCISSEUR-XD150-250GM,FG01140,paints,live source card: same source id + SAP + name,assets/products/1781267743-6a2bfd1f961d4.png
dc-pr1200-500ml,DC-PR1200-500ML,FG01360,paints,live source card: same source id + SAP + name,assets/products/1781267293-6a2bfb5d2e8f8.png
dc1200os-clear-500ml,DC1200OS-CLEAR-500ML,FG01184,paints,live source card: same source id + SAP + name,assets/products/1781267374-6a2bfbae4ceab.png
dc1200os-red-500ml,DC1200OS-RED-500ML,FG01471,paints,live source card: same source id + SAP + name,assets/products/1781267398-6a2bfbc6212e3.png
ca8221f26251-1gk,CA8221/F26251-1GK,FG00783,paints,live source card: same source id + SAP + name,assets/products/1781243065-6a2b9cb93b104.png
ca8000b-25l,CA8000B-2.5L,FG00780,paints,live source card: same source id + SAP + name,assets/products/1782213628-6a3a6bfc44ae2.png
c931008-1gal,C931008-1GAL,FG01435,paints,live source card: same source id + SAP + name,assets/products/1782213581-6a3a6bcdcde54.png
ca8000-b70804-5l,CA8000-B70804-5L,FG00781,paints,live source card: same source id + SAP + name,assets/products/1781266246-6a2bf746ac85c.png
caapcoat-fl-725q-1qtkt,CAAPCOAT FL-725Q-1QTKT,FG01192,paints,live source card: same source id + SAP + name,assets/products/1781266319-6a2bf78f870af.png
ca8000-bac70846-5l,CA8000-BAC70846-5L,FG01436,paints,live source card: same source id + SAP + name,assets/products/1781266271-6a2bf75f490ca.png
ca8000c1-25l-2606071345-320,CA8000C1-2.5L,FG00712,paints,live source card: same source id + SAP + name,assets/products/1781242969-6a2b9c598876f.png
caapcoat-fl-720q-1qtkt,CAAPCOAT FL-720Q-1QTKT,FG01191,paints,live source card: same source id + SAP + name,assets/products/1781243098-6a2b9cda1c5f6.png
ca8000-b00767-5l,CA8000-B00767-5L,FG00782,paints,live source card: same source id + SAP + name,assets/products/1781242920-6a2b9c2806458.png
c21100-010429-ral7001-5l,C21/100-010429-RAL7001-5L,FG00773,paints,live source card: same source id + SAP + name,assets/products/1781242658-6a2b9b22ee10f.png
ca8620a02250-4l-kit,CA8620A02250-4L KIT,FG01533,paints,live source card: same source id + SAP + name,assets/products/1781243081-6a2b9cc96a144.png
c25-90s-5l,C25-90S-5L,FG00774,paints,live source card: same source id + SAP + name,assets/products/1781242776-6a2b9b983a0e4.png
aviox-90150-1l,AVIOX-90150-1L,FG00755,paints,live source card: same source id + SAP + name,assets/products/1781261768-6a2be5c8905cf.png
aviox-99330-1l,AVIOX-99330-1L,FG00756,paints,live source card: same source id + SAP + name,assets/products/1781261789-6a2be5ddd8371.png
aviox-clearcoat-uvr-5l,AVIOX-CLEARCOAT-UVR-5L,FG00729,paints,live source card: same source id + SAP + name,assets/products/1781261811-6a2be5f3eb186.png
alexit406-23ral3000-5kg,ALEXIT406-23RAL3000-5KG,FG01410,paints,live source card: same source id + SAP + name,assets/products/1781266847-6a2bf99f4ae11.png
alexit406-23-920d9005-5kg,ALEXIT406-23-920D9005-5KG,FG00736,paints,live source card: same source id + SAP + name,assets/products/1781266831-6a2bf98fe9adc.png
alodine1201-1usg,ALODINE1201-1USG,FG01315,paints,live source card: same source id + SAP + name,assets/products/1781258897-6a2bda9165626.png
alexit400-1kg,ALEXIT400-1KG,FG01414,paints,live source card: same source id + SAP + name,assets/products/1781258797-6a2bda2d5edf6.png
alexit-472-32-5kg,ALEXIT-472-32-5KG,FG01411,paints,live source card: same source id + SAP + name,assets/products/1781258735-6a2bd9ef6a3fa.png
alodine600rtu-1qt,ALODINE600RTU-1QT,FG00738,paints,live source card: same source id + SAP + name,assets/products/1781266871-6a2bf9b7928e1.png
alexit-thinner-901-45-5kg-2606071332-63,ALEXIT-THINNER-901-45-5KG,FG01469,paints,live source card: same source id + SAP + name,assets/products/1781258767-6a2bda0f6781a.png
aerowave2003-curing-6005-4l,AEROWAVE2003/ CURING 6005-4L,FG00734,paints,live source card: same source id + SAP + name,assets/products/1781258515-6a2bd913b46e5.png
aerodur-clear-43022-500ml,AERODUR-CLEAR-43022-500ML,FG00730,paints,live source card: same source id + SAP + name,assets/products/1781258485-6a2bd8f5bcbc9.png
aerodur-clearcoat-3002-5l,AERODUR CLEARCOAT 3002-5L,FG00728,paints,live source card: same source id + SAP + name,assets/products/1782208635-6a3a587b633bb.png
aeroflex-finish-g12e25-5l,AEROFLEX-FINISH-G12E25-5L,FG00731,paints,live source card: same source id + SAP + name,assets/products/1781266328-6a2bf79819e58.png
ad9318-fdad2298-fb-1qk,AD9318-FD/AD2298-FB-1QK,FG00899,paints,live source card: same source id + SAP + name,assets/products/1781266219-6a2bf72b06185.png
aerodur-clearcoat-uvr-5l-2606071331-384,AERODUR CLEARCOAT UVR-5L,FG00727,paints,live source card: same source id + SAP + name,assets/products/1781266238-6a2bf73e33f9b.png
a1500-m-base,A1500-M BASE,FG01196,paints,live source card: same source id + SAP + name,assets/products/1781349059-6a2d3ac3dc18d.png
a1500-m-harderner,A1500-M HARDERNER,FG01197,paints,live source card: same source id + SAP + name,assets/products/1781349085-6a2d3add9fe24.png
a1000-ad-matt-grey-bac707-1lt,A1000-AD MATT GREY BAC707-1LT,FG01238,paints,live source card: same source id + SAP + name,assets/products/1781257492-6a2bd514997e3.png
86a,86A,FG01250,paints,live source card: same source id + SAP + name,assets/products/1781255838-6a2bce9eacd73.png
8w550c3-125gk,8W5/50C3-1.25GK,FG00974,paints,live source card: same source id + SAP + name,assets/products/1782208142-6a3a568eb2f4e.png
750-450-004656-450-002-001-2l-kit,750-450-004/656-450-002-001-2L KIT,FG00710,paints,live source card: same source id + SAP + name,assets/products/1781338603-6a2d11eb16311.png
646-58-7875x-501-fs17875-2gk,646-58-7875/X-501 FS17875 2GK,FG01230,paints,live source card: same source id + SAP + name,assets/products/1781337846-6a2d0ef6d02d9.png
646-58-6473x501-2gk,646-58-6473/X501-2GK,FG00708,paints,live source card: same source id + SAP + name,assets/products/1781256018-6a2bcf5250456.png
713-2-thinner-1l,713-2-THINNER-1L,FG01043,paints,live source card: same source id + SAP + name,assets/products/1781256199-6a2bd0075043d.png
515k011910-012-2gk,515K011/910-012-2GK,FG00706,paints,live source card: same source id + SAP + name,assets/products/1781337774-6a2d0eaec2a1d.png
4v3865-400ml,4V/3865-400ML,FG00702,paints,live source card: same source id + SAP + name,assets/products/1781335921-6a2d07719dbb8.png
43564004-10759a,43564004 (10759A),FG00098,paints,live source card: same source id + SAP + name,assets/products/1781257015-6a2bd337b0e0f.png
4v5856-400ml,4V/5856-400ML,FG00703,paints,live source card: same source id + SAP + name,assets/products/1781262760-6a2be9a8353fa.png
528x310910x464-1qtkt,528X310/910X464-1QTKT,FG01574,paints,live source card: same source id + SAP + name,assets/products/1781263058-6a2bead20aa21.png
515x349-910x533-2qk,515X349-910X533-2QK,FG00707,paints,live source card: same source id + SAP + name,assets/products/1781263043-6a2beac3adf5f.png
4v7702-400ml,4V/7702-400ML,FG00705,paints,live source card: same source id + SAP + name,assets/products/1781262795-6a2be9cb93969.png
4v59260-400ml,4V/59260-400ML,FG00704,paints,live source card: same source id + SAP + name,assets/products/1781336009-6a2d07c9dd820.png
4v1945-400ml,4V/1945-400ML,FG00701,paints,live source card: same source id + SAP + name,assets/products/1782205086-6a3a4a9e6f689.png
44gn072-1gk,44GN072-1GK,FG00700,paints,live source card: same source id + SAP + name,assets/products/1781336348-6a2d091c7100a.png
4229t37038c0200t126c-1gk,4229T37038C/0200T126C-1GK,FG00699,paints,live source card: same source id + SAP + name,assets/products/1781338329-6a2d10d997cff.png
43645-0300-2606071323-627,43645-0300,FG00099,paints,live source card: same source id + SAP + name,assets/products/1781343243-6a2d240b2c883.png
43025-0800-2606071323-594,43025-0800,FG00097,paints,live source card: same source id + SAP + name,assets/products/1781343066-6a2d235a8aae8.png
41252047-kafa-4l,41252047-KAFA-4L,FG01364,paints,live source card: same source id + SAP + name,assets/products/1781263377-6a2bec114c3e1.png
4123-5045-5l-2606071322-235,4123-5045-5L,FG00696,paints,live source card: same source id + SAP + name,assets/products/1781263134-6a2beb1e3d30e.png
4125-2047-4l,4125-2047-4L,FG00697,paints,live source card: same source id + SAP + name,assets/products/1781263148-6a2beb2cd2622.png
4123-3600-5l-2606071322-461,4123-3600-5L,FG00695,paints,live source card: same source id + SAP + name,assets/products/1781263100-6a2beafc4d7a7.png
3m-08681-125ml,3M-08681-125ML,FG01579,paints,live source card: same source id + SAP + name,assets/products/1781353113-6a2d4a99c532e.png
13961625k003l,13961625K003L,FG00671,paints,live source card: same source id + SAP + name,assets/products/1781264830-6a2bf1bee2a62.png
21049100k-500gm,21049100K-500GM,FG00674,paints,live source card: same source id + SAP + name,assets/products/1781265070-6a2bf2aeb887d.png
13862801k003l-2606070936-187,13862801K003L,FG00670,paints,live source card: same source id + SAP + name,assets/products/1781269929-6a2c05a913d32.png
13862640k00-3l,13862640K00-3L,FG00669,paints,live source card: same source id + SAP + name,assets/products/1781269899-6a2c058b7f0fa.png
13862640b001l,13862640B001L,FG00668,paints,live source card: same source id + SAP + name,assets/products/1781269876-6a2c0574e9637.png
13763624b001l,13763624B001L,FG01205,paints,live source card: same source id + SAP + name,assets/products/1781269854-6a2c055e71054.png
13763603k00-3l,13763603K00-3L,FG01142,paints,live source card: same source id + SAP + name,assets/products/1781269832-6a2c05485c23a.png
13662640b001l,13662640B001L,FG01393,paints,live source card: same source id + SAP + name,assets/products/1781269755-6a2c04fb4ecea.png
10p4-2nfec-1175-2gk,10P4-2NF/EC-1175-2GK,FG01387,paints,live source card: same source id + SAP + name,assets/products/1781263169-6a2beb41bfe22.png
10p20-44ec-265tr-114-1gk,10P20-44/EC-265/TR-114-1GK,FG00665,paints,live source card: same source id + SAP + name,assets/products/1781263221-6a2beb75e4da5.png
10p20-13ec-213-1gk,10P20-13/EC-213-1GK,FG01255,paints,live source card: same source id + SAP + name,assets/products/1781263199-6a2beb5f05d1c.png
10p2-3ec110-gl,10P2-3/EC110-GL,FG01182,paints,live source card: same source id + SAP + name,assets/products/1781263146-6a2beb2a329c8.png
0707-9000-1l-2606070842-514,0707-9000-1L,FG00663,paints,live source card: same source id + SAP + name,assets/products/1781263837-6a2beddd68285.png
0628-9001-5l-2606070840-707,0628-9001-5L,FG00662,paints,live source card: same source id + SAP + name,assets/products/1781263804-6a2bedbc57b60.png
epocast50-a1-946-1usqt-kit-fg02238,EPOCAST50-A1/946-1USQT-KIT,FG02238,adhesives,live source card: same source id + SAP + name,assets/products/20260922111813-ZCFO8lfJWS.jpg
fastbond30nf-1ltr-tin-fg02228,FASTBOND30NF-1LTR-TIN,FG02228,adhesives,live source card: same source id + SAP + name,assets/products/20260924045855-0J4kCejbAh.jpg
epocast1628-a-b-1gln-kit-fg02170,EPOCAST1628 A/B-1GLN-KIT,FG02170,adhesives,live source card: same source id + SAP + name,assets/products/20260924045959-nRlXlxHOXt.jpg
loctite601-50ml-fg02121,LOCTITE601(50ML),FG02121,adhesives,live source card: same source id + SAP + name,assets/products/20260924050056-iZpgrJZ55P.jpg
montaprene-2796-1-litre-fg02100,MONTAPRENE 2796(1 LITRE),FG02100,adhesives,live source card: same source id + SAP + name,assets/products/20260924050210-NRPuQHwVxP.jpg
hexply-913-46-g814nt-1000-mm-fg02073,HEXPLY 913/46/G814NT(1000 MM),FG02073,adhesives,live source card: same source id + SAP + name,assets/products/20260924050439-xgGNMQejsa.jpg
epon815c-1-usqt-fg02055,EPON815C 1 USQT,FG02055,adhesives,live source card: same source id + SAP + name,assets/products/20260924050717-1MEocp2Gol.jpg
loctite430-1-oz-fg02049,LOCTITE430(1-OZ),FG02049,adhesives,live source card: same source id + SAP + name,assets/products/20260924050911-IPE6VN4sTc.jpg
stycast-3050-1kg-fg01955,STYCAST 3050-1KG,FG01955,adhesives,live source card: same source id + SAP + name,assets/products/20260924051033-nsv6GHYA0Q.jpg
epon828-1qt-fg01931,EPON828-1QT,FG01931,adhesives,live source card: same source id + SAP + name,assets/products/20260924051940-BRirHETMFY.jpg
epibond420-a-b-50ml-fg01823,EPIBOND420-A/B-50ML,FG01823,adhesives,live source card: same source id + SAP + name,assets/products/20260924101406-bsAmwt91ld.jpg
epocast54-a-b-fg01809,EPOCAST54-A/B,FG01809,adhesives,live source card: same source id + SAP + name,assets/products/20260924102640-egndS2rdlz.jpg
s1125-kit-1-50glkit-fg01766,S1125-KIT-1 50GLKIT,FG01766,adhesives,live source card: same source id + SAP + name,assets/products/20260924102845-ORb3VoETFm.jpg
eccobond-57c-a-b-100gm-fg01763,ECCOBOND 57C-A/B-100GM,FG01763,adhesives,live source card: same source id + SAP + name,assets/products/20260924103027-IUFh5tlTdk.jpg
metalseta4-6ozkt-fg01720,METALSETA4-6OZKT,FG01720,adhesives,live source card: same source id + SAP + name,assets/products/20260924103157-aVu9JKXLOw.jpg
araldite2011-50mlkt-fg01672,ARALDITE2011-50MLKT,FG01672,adhesives,live source card: same source id + SAP + name,assets/products/20260924103339-3uQsMnp4Rj.jpg
magnabond-6367-a-b-1qt-fg01633,MAGNABOND-6367 A/B-1QT,FG01633,adhesives,live source card: same source id + SAP + name,assets/products/20260924103502-wFm1xBLSKU.jpg
rtv160-300ml,RTV160-300ML,FG00997,adhesives,live source card: same source id + SAP + name,assets/products/1781086126-6a2937ae2a588.png
rtv103q-828ml-2606071435-381,RTV103Q-82.8ML,FG00992,adhesives,live source card: same source id + SAP + name,assets/products/1781085655-6a2935d7a4a22.png
rtv108-0327kg,RTV108-0.327KG,FG01152,adhesives,live source card: same source id + SAP + name,assets/products/1781085694-6a2935fe19698.png
micro-ultra-15-3658979-qtkt,MICRO-ULTRA 15-3/658979-QTKT,FG01424,adhesives,live source card: same source id + SAP + name,assets/products/1781259246-6a2bdbee1e7e9.png
magnabond-6398ab-1qt,MAGNABOND-6398A/B-1QT,FG01111,adhesives,live source card: same source id + SAP + name,assets/products/1781249707-6a2bb6abce2eb.png
magnobond-121-146ab-200-ml-kit,MAGNOBOND-121-146A/B (200-ML-KIT),FG01240,adhesives,live source card: same source id + SAP + name,assets/products/1781249772-6a2bb6ecd91f3.png
loctite241-50ml-2606071400-142,LOCTITE241-50ML,FG01144,adhesives,live source card: same source id + SAP + name,assets/products/1781246451-6a2ba9f3628a5.png
loctite770-100ml,LOCTITE770-100ML,FG01610,adhesives,live source card: same source id + SAP + name,assets/products/1781246541-6a2baa4d4272a.png
loctite480-20gm,LOCTITE480-20GM,FG01571,adhesives,live source card: same source id + SAP + name,assets/products/1781246505-6a2baa2991783.png
loctite-609-50ml,LOCTITE-609-50ML,FG00873,adhesives,live source card: same source id + SAP + name,assets/products/1781246153-6a2ba8c90f7f5.png
loctite272-50ml,LOCTITE272-50ML,FG01556,adhesives,live source card: same source id + SAP + name,assets/products/1781246476-6a2baa0cb110f.png
loctite-ea9395-1qtkt,LOCTITE-EA9395-1QTKT,FG01271,adhesives,live source card: same source id + SAP + name,assets/products/1781246294-6a2ba95638bf6.png
loctite-sf7400-20ml,LOCTITE-SF7400-20ML,FG00875,adhesives,live source card: same source id + SAP + name,assets/products/1781246410-6a2ba9ca7f806.png
loctite-496-20gm-2606071359-862,LOCTITE-496-20GM,FG00871,adhesives,live source card: same source id + SAP + name,assets/products/1781252632-6a2bc2182fc55.png
loctite-567-50ml,LOCTITE-567-50ML,FG00872,adhesives,live source card: same source id + SAP + name,assets/products/1781252648-6a2bc22899702.png
loctite-290-50ml,LOCTITE-290-50ML,FG00870,adhesives,live source card: same source id + SAP + name,assets/products/1781252611-6a2bc203b4c73.png
loctite-638-50ml,LOCTITE-638-50ML,FG00874,adhesives,live source card: same source id + SAP + name,assets/products/1781252668-6a2bc23caa3f6.png
loctite-ea-9321ab-qtkit,LOCTITE EA 9321A/B QTKIT,FG01458,adhesives,live source card: same source id + SAP + name,assets/products/1781252537-6a2bc1b930a67.png
loctite-lb8700-moly50-1lb,LOCTITE-LB8700-MOLY50)-1LB,FG00860,adhesives,live source card: same source id + SAP + name,assets/products/1781252800-6a2bc2c062c0b.png
loctite-ea9394-1qk,LOCTITE-EA9394-1QK,FG00810,adhesives,live source card: same source id + SAP + name,assets/products/1781252703-6a2bc25f4bdd6.png
loctite-lb8008-c5-a-1lb,LOCTITE-LB8008-(C5-A)-1LB,FG00776,adhesives,live source card: same source id + SAP + name,assets/products/1781252756-6a2bc2949106f.png
loctite-sf-7649-100ml,LOCTITE SF 7649-100ML,FG01210,adhesives,live source card: same source id + SAP + name,assets/products/1781252556-6a2bc1cc27980.png
loctite-ea9390-qt,LOCTITE-EA9390-QT,FG01186,adhesives,live source card: same source id + SAP + name,assets/products/1781246236-6a2ba91c32941.png
loctite-263-50ml,LOCTITE-263-50ML,FG01369,adhesives,live source card: same source id + SAP + name,assets/products/1781246073-6a2ba879bd0b1.png
loctite-640-50ml,LOCTITE 640-50ML,FG01623,adhesives,live source card: same source id + SAP + name,assets/products/1781245991-6a2ba8278d4eb.png
loctite-ea9891rp-1qt,LOCTITE-EA9891RP-1QT,FG00864,adhesives,live source card: same source id + SAP + name,assets/products/1781246348-6a2ba98c7eea7.png
loctite-lb8009-1lb,LOCTITE-LB8009-1LB,FG00876,adhesives,live source card: same source id + SAP + name,assets/products/1781246381-6a2ba9ad7ae3e.png
loctite-277-50ml,LOCTITE-277-50ML,FG00869,adhesives,live source card: same source id + SAP + name,assets/products/1781246125-6a2ba8ad7e538.png
loctite-ea934na-1qtkt,LOCTITE-EA934NA-1QTKT,FG01202,adhesives,live source card: same source id + SAP + name,assets/products/1781246180-6a2ba8e49646c.png
loctite-ea9309na-1qt,LOCTITE-EA9309NA-1QT,FG01267,adhesives,live source card: same source id + SAP + name,assets/products/1781246207-6a2ba8ff53dcf.png
loctite-274-50ml,LOCTITE-274-50ML,FG00863,adhesives,live source card: same source id + SAP + name,assets/products/1781246099-6a2ba893f0158.png
loctite-ea9394-na,LOCTITE-EA9394-NA,FG01352,adhesives,live source card: same source id + SAP + name,assets/products/1781246265-6a2ba9393700e.png
loctite-ea9396-qt,LOCTITE-EA9396-QT,FG01207,adhesives,live source card: same source id + SAP + name,assets/products/1781246321-6a2ba971d3b58.png
loctite-222-50ml,LOCTITE-222-50ML,FG00865,adhesives,live source card: same source id + SAP + name,assets/products/1781246017-6a2ba84188b6a.png
loctite-270-50ml,LOCTITE-270-50ML,FG00868,adhesives,live source card: same source id + SAP + name,assets/products/1781252589-6a2bc1edc3a43.png
loctite-ea93093na-1qt,LOCTITE-EA9309.3NA-1QT,FG00851,adhesives,live source card: same source id + SAP + name,assets/products/1781252688-6a2bc250c0d20.png
loctite-243-50ml,LOCTITE-243-50ML,FG00867,adhesives,live source card: same source id + SAP + name,assets/products/1781252574-6a2bc1de23dcf.png
loctite-242-50ml,LOCTITE-242-50ML,FG00866,adhesives,live source card: same source id + SAP + name,assets/products/1781246047-6a2ba85f2f19a.png
kb7350-2in-abs,KB73/50-2IN (ABS),FG00853,adhesives,live source card: same source id + SAP + name,assets/products/1781252166-6a2bc04633fcd.png
epon828-1gl,EPON828-1GL,FG00831,adhesives,live source card: same source id + SAP + name,assets/products/1781249900-6a2bb76c32be9.png
epocast89537ab-1gl-kit,EPOCAST89537AB-1GL KIT,FG01265,adhesives,live source card: same source id + SAP + name,assets/products/1781268356-6a2bff847601c.png
epocast-1618db-6oz,EPOCAST-1618D/B-6OZ,FG00829,adhesives,live source card: same source id + SAP + name,assets/products/1781268281-6a2bff398be25.png
epocast-1619-1-ab-1qk,EPOCAST-1619-1-A/B-1QK,FG01154,adhesives,live source card: same source id + SAP + name,assets/products/1781268302-6a2bff4e2b060.png
epocast-54ab-1glnkt,EPOCAST 54A/B-1GLNKT,FG01606,adhesives,live source card: same source id + SAP + name,assets/products/20260922111511-Mo8GFsM6SL.jpg
epocast-1617ab-1qk,EPOCAST-1617A/B-1QK,FG00828,adhesives,live source card: same source id + SAP + name,assets/products/1781249868-6a2bb74ccd09f.png
epocast-1511-ab,EPOCAST 1511 A/B,FG01324,adhesives,live source card: same source id + SAP + name,assets/products/1781268256-6a2bff20cbf8a.png
ec-9356-ba-fst-50ml,EC-9356 B/A FST-50ML,FG01128,adhesives,live source card: same source id + SAP + name,assets/products/1781267847-6a2bfd87dc1c1.png
devcon5-14250-25ml,DEVCON5-(14250)-25ML,FG00801,adhesives,live source card: same source id + SAP + name,assets/products/1781249085-6a2bb43d72254.png
devcon5-14200-15oz,DEVCON5-(14200)-15OZ,FG00802,adhesives,live source card: same source id + SAP + name,assets/products/1781249059-6a2bb4232a82b.png
dapco3300-pt,DAPCO3300-PT,FG01081,adhesives,live source card: same source id + SAP + name,assets/products/1781267268-6a2bfb44a62a6.png
devcon2-ton-50ml,DEVCON2-TON-50ML,FG01587,adhesives,live source card: same source id + SAP + name,assets/products/1781267446-6a2bfbf6161c2.png
cb200-40ml,CB200-40ML,FG01143,adhesives,live source card: same source id + SAP + name,assets/products/1781248370-6a2bb172adf86.png
cb200-35gm,CB200-3.5GM,FG01090,adhesives,live source card: same source id + SAP + name,assets/products/1781243226-6a2b9d5ad2518.png
cb100-81-2606071346-491,CB100-81,FG01181,adhesives,live source card: same source id + SAP + name,assets/products/1781243185-6a2b9d3104693.png
c5-a-1lb-2606071344-241,C5-A-1LB,FG01359,adhesives,live source card: same source id + SAP + name,assets/products/1781242103-6a2b98f7efbc7.png
bostik-7132r-1gk,BOSTIK-7132R-1GK,FG01491,adhesives,live source card: same source id + SAP + name,assets/products/1781265901-6a2bf5ed41b46.png
bostik-7132k-1gk,BOSTIK-7132K-1GK,FG00766,adhesives,live source card: same source id + SAP + name,assets/products/1781240683-6a2b936bc89b7.png
betaseal-8000-1f-300ml,BETASEAL-8000-1F-300ML,FG00759,adhesives,live source card: same source id + SAP + name,assets/products/1782212957-6a3a695def214.png
betaprime-5404-250ml,BETAPRIME-5404-250ML,FG00758,adhesives,live source card: same source id + SAP + name,assets/products/1781269353-6a2c036908b58.png
aw106-1kg-2606071341-588,AW106-1KG,FG01327,adhesives,live source card: same source id + SAP + name,assets/products/1781269108-6a2c027444fce.png
araldite2014-2-2kg-kit,ARALDITE2014-2-(2KG KIT),FG00741,adhesives,live source card: same source id + SAP + name,assets/products/1781259237-6a2bdbe5c6ee0.png
araldite-1570-fst-ab-200ml,ARALDITE 1570 FST A/B-200ML,FG01252,adhesives,live source card: same source id + SAP + name,assets/products/1782208927-6a3a599fbcd89.png
araldite420-ab-14kg-kit,ARALDITE420-A/B-(1.4KG KIT),FG00742,adhesives,live source card: same source id + SAP + name,assets/products/1781267457-6a2bfc01be9da.png
araldite252-1-ab-13kg-kit,ARALDITE252-1 A/B-1.3KG KIT,FG01427,adhesives,live source card: same source id + SAP + name,assets/products/1781259147-6a2bdb8b28091.png
araldite-1570,ARALDITE-1570,FG01416,adhesives,live source card: same source id + SAP + name,assets/products/1781258969-6a2bdad994a7a.png
araldite-av138m-5kg,ARALDITE-AV138M-5KG,FG01082,adhesives,live source card: same source id + SAP + name,assets/products/1781258993-6a2bdaf1f1f71.png
araldite2011ab-2kg-kit,ARALDITE2011A/B-2KG KIT,FG01426,adhesives,live source card: same source id + SAP + name,assets/products/1781259186-6a2bdbb203105.png
90-006-2rf-1lb,90-006-2RF-1LB,FG00714,adhesives,live source card: same source id + SAP + name,assets/products/1782208187-6a3a56bbe7ea4.png
4125-6407-4l-2606071322-646,4125-6407-4L,FG00698,adhesives,live source card: same source id + SAP + name,assets/products/1781263163-6a2beb3bdf49d.png
4125-6407-blue-4l,4125-6407-BLUE-4L,FG01164,adhesives,live source card: same source id + SAP + name,assets/products/1781263179-6a2beb4b3c243.png
3m77-500ml,3M77-500ML,FG01138,adhesives,live source card: same source id + SAP + name,assets/products/1781335178-6a2d048a2103d.png
3m-ec9323-2-ba-1l,3M-EC9323-2-B/A-1L,FG00817,adhesives,live source card: same source id + SAP + name,assets/products/1781261860-6a2be6245efd0.png
3m-ec1300l-qt,3M-EC1300L-QT,FG01549,adhesives,live source card: same source id + SAP + name,assets/products/1781261753-6a2be5b963a13.png
3m-ec2216ba-gray-415ml,3M-EC2216B/A-GRAY-41.5ML,FG00815,adhesives,live source card: same source id + SAP + name,assets/products/1781261819-6a2be5fba3155.png
3m-ec2216ba-gray-13lk,3M-EC2216B/A-GRAY-1.3LK,FG00814,adhesives,live source card: same source id + SAP + name,assets/products/1782207247-6a3a530f32053.png
3m-ec3532ba-4oz,3M-EC3532B/A-4OZ,FG01113,adhesives,live source card: same source id + SAP + name,assets/products/1781335031-6a2d03f7e24e1.png
3m-supper77-475gm,3M-SUPPER77-475GM,FG01552,adhesives,live source card: same source id + SAP + name,assets/products/1781335112-6a2d0448627a9.png
3m-ec1357-light-yellow-1l,3M-EC1357-LIGHT-YELLOW-1L,FG00812,adhesives,live source card: same source id + SAP + name,assets/products/1781334941-6a2d039d72871.png
3m-ec1300ltf-1qt,3M-EC1300LTF-1QT,FG00811,adhesives,live source card: same source id + SAP + name,assets/products/1781261770-6a2be5ca658fa.png
3m-ec1838-ba-18kg-kit,3M-EC1838-B/A-1.8KG KIT,FG01492,adhesives,live source card: same source id + SAP + name,assets/products/1781261803-6a2be5eb4dae7.png
3m-4475-1qt,3M-4475-1QT,FG00689,adhesives,live source card: same source id + SAP + name,assets/products/1781260822-6a2be21653098.png
3m-3950-8oz,3M-3950-8OZ,FG00681,adhesives,live source card: same source id + SAP + name,assets/products/1781260771-6a2be1e3c9b65.png
3m-ec-1357-grey-green-1l,3M-EC-1357-GREY GREEN-1L,FG00813,adhesives,live source card: same source id + SAP + name,assets/products/1781261720-6a2be59877290.png
320912bl-50ml,320912BL-50ML,FG00676,adhesives,live source card: same source id + SAP + name,assets/products/1781263350-6a2bebf6340bf.png
strip-n-stick200a-3-32in-10yd-fg02230,STRIP-N-STICK200A-3/32IN-10YD,FG02230,tapes,live source card: same source id + SAP + name,assets/products/20260922114856-aJATXbDG3L.jpg
ht606a-4mmx25mmx20m-fg02156,HT606A-(4MMX25MMX20M),FG02156,tapes,live source card: same source id + SAP + name,assets/products/20260922125808-tg64tYsmRr.jpg
polyken290fr-2inx36yd-fg02139,POLYKEN290FR-(2INX36YD),FG02139,tapes,live source card: same source id + SAP + name,assets/products/20260924104124-cB80J7wqVv.jpg
hi-tak-ad89513-01-24-1-inch-x-24-inch-roll-fg02085,HI-TAK-AD89513-01-24 (1 INCH X 24 INCH ROLL),FG02085,tapes,live source card: same source id + SAP + name,assets/products/20260924104324-CvAHX1iuMP.jpg
hi-tak-ad89503-01-12-1-inch-roll-fg02084,HI-TAK-AD89503-01-12(1 INCH ROLL),FG02084,tapes,live source card: same source id + SAP + name,assets/products/20260924104502-nEuZo7z9j8.jpg
gua1301-1-100-ft-roll-fg02040,GUA1301-1(100 FT ROLL),FG02040,tapes,live source card: same source id + SAP + name,assets/products/20260924104617-KuDuGCGx0P.jpg
ht3000fr-3-75-inch-roll-fg02039,HT3000FR-(3.75-INCH ROLL),FG02039,tapes,live source card: same source id + SAP + name,assets/products/20260924104825-vQPJz4fPaU.jpg
flowstrip-rbf-barricade-tape-3-inches-fg01991,FLOWSTRIP RBF BARRICADE TAPE(3 inches),FG01991,tapes,live source card: same source id + SAP + name,assets/products/20260924105054-vVHNUnUZvu.jpg
p422-1-2inchx36yds-fg01984,P422-1/2INCHX36YDS,FG01984,tapes,live source card: same source id + SAP + name,assets/products/20260924105203-9YBywKivQW.jpg
mogul-69n-0-020inx3-4inx12-yds-fg01983,MOGUL 69N-0.020INX3/4INX12 YDS,FG01983,tapes,live source card: same source id + SAP + name,assets/products/20260924105353-GnWS9X0PuY.jpg
ba1864-8r-ge-1in-x-36yd-fg01977,BA1864-8R-GE 1IN X 36YD,FG01977,tapes,live source card: same source id + SAP + name,assets/products/20260924105446-SgbOPaaDW1.jpg
scapa-2702-grade-b-fg01957,SCAPA 2702 GRADE B,FG01957,tapes,live source card: same source id + SAP + name,assets/products/20260924123842-bhs17vZlSh.jpg
3m-471-1-5inx36yd-fg01949,3M 471-1.5INX36YD,FG01949,tapes,live source card: same source id + SAP + name,assets/products/20260929055339-nro6z0jjBG.jpg
3m-250-1inx60yd-fg01945,3M 250-1INX60YD,FG01945,tapes,live source card: same source id + SAP + name,assets/products/20260929055440-vmd0gV6VLX.jpg
scotch-63-1inx36yd-fg01941,SCOTCH 63-1INX36YD,FG01941,tapes,live source card: same source id + SAP + name,assets/products/20260929055621-4EgirwJEZ6.jpg
cmc-3750-pk-0-375-dia-25-pk-fg01937,"CMC-3750-PK 0.375"" DIA, 25/PK",FG01937,tapes,live source card: same source id + SAP + name,assets/products/20260929055758-0KuwjAhO7j.jpg
3m-484-fg01895,3M-484,FG01895,tapes,live source card: same source id + SAP + name,assets/products/20260929055857-eg1I5DorAp.jpg
3m-853-fg01892,3M 853,FG01892,tapes,live source card: same source id + SAP + name,assets/products/20260929060340-1NgqszbMlF.jpg
3m-8561-fg01889,3M 8561,FG01889,tapes,live source card: same source id + SAP + name,assets/products/20260929060436-KzDeRPvx3f.jpg
polyken-296fr-3in-fg01885,POLYKEN 296FR – 3IN,FG01885,tapes,live source card: same source id + SAP + name,assets/products/20260929060545-6ImYOuTMUS.jpg
polyken-296fr-2in-fg01884,POLYKEN 296FR – 2IN,FG01884,tapes,live source card: same source id + SAP + name,assets/products/20260929060238-9a7b2azg5L.jpg
kb49-485-fg01853,KB49/485,FG01853,tapes,live source card: same source id + SAP + name,assets/products/20260923111415-VAScKQiPuO.jpg
tape-tesa-60404-12mmx66m-yellow-fg01833,TAPE TESA-60404-12MMX66M (YELLOW),FG01833,tapes,live source card: same source id + SAP + name,assets/products/20260924115847-QnDxft64b2.jpg
p12l-2inx60yd-fg01811,P12L-2INX60YD,FG01811,tapes,live source card: same source id + SAP + name,assets/products/20260924120019-x159cE4ahT.jpg
ot-40n-2inx60yd-fg01799,OT-40N 2INX60YD,FG01799,tapes,live source card: same source id + SAP + name,assets/products/20260924120211-Zhw0S9TH7T.jpg
nitto-p-212-ptfe-coated-glass-cloth-tape-fg01793,NITTO P-212 PTFE COATED GLASS CLOTH TAPE,FG01793,tapes,live source card: same source id + SAP + name,assets/products/20260924120317-aetzivs1mf.jpg
ht606a1-1-6mmx5mtr-fg01792,HT606A1.1-6MMX5MTR,FG01792,tapes,live source card: same source id + SAP + name,assets/products/20260924120439-NDE6Wt0yBm.jpg
toolteca0073618-fg01706,TOOLTECA0073618,FG01706,tapes,live source card: same source id + SAP + name,assets/products/20260924121000-I0KuMB3cZb.jpg
s5818-fg01702,S5818,FG01702,tapes,live source card: same source id + SAP + name,assets/products/20260924121114-HwcL7NEFDv.jpg
a840r0050l694sc-fg01687,A840R0050L694SC,FG01687,tapes,live source card: same source id + SAP + name,assets/products/20260924121427-FZIUBkzNnt.jpg
3m69-19mmx36yd-fg01686,3M69-19MMX36YD,FG01686,tapes,live source card: same source id + SAP + name,assets/products/20260924120610-wNQpRinNEX.jpg
a810r0025h958sdy-fg01676,A810R0025H958SDY,FG01676,tapes,live source card: same source id + SAP + name,assets/products/20260924120706-rla6qltCvq.jpg
lt-23md-2-x60yd-fg01675,LT-23MD-2”X60YD,FG01675,tapes,live source card: same source id + SAP + name,assets/products/20260924120820-Hzs8zBUhBF.jpg
lt-16-2-x60yd-fg01653,"LT-16-2""X60YD",FG01653,tapes,live source card: same source id + SAP + name,assets/products/20260923110929-obOr944JA5.jpg
relink-2318b-50mmx25m-fg00985,RELINK-2318B-50MMX25M,FG00985,tapes,live source card: same source id + SAP + name,assets/products/20260923111116-gWt3ETRrqy.jpg
gs213-31-2-fg00842,GS213-31/2,FG00842,tapes,live source card: same source id + SAP + name,assets/products/20260923111237-shaGoBNN4c.jpg
3m610-anti-skid-tape-6inx60ft,3M610 ANTI SKID TAPE-6INX60FT,FG01543,tapes,live source card: same source id + SAP + name,assets/products/1782214506-6a3a6f6a012f7.png
tesaband4651-yellow-19mmx50m-2606071442-853,TESABAND4651-YELLOW-19MMX50M,FG01040,tapes,live source card: same source id + SAP + name,assets/products/1781082009-6a29279983a9b.png
rtv666-100gm,RTV666-100GM,FG01241,tapes,live source card: same source id + SAP + name,assets/products/1781155510-6a2a46b605d50.png
relink-2318b-50mmx50m,RELINK-2318B-50MMX50M,FG00986,tapes,live source card: same source id + SAP + name,assets/products/1781085422-6a2934ee66233.png
rk6019-20mm,RK6019-20MM,FG01425,tapes,live source card: same source id + SAP + name,assets/products/1781155356-6a2a461c3ea6d.png
q2-z-516-01qb48inx25,Q2-Z-5/16-01QB48INX25,FG01347,tapes,live source card: same source id + SAP + name,assets/products/1781155104-6a2a452075433.png
polyken296fr-4inx36yd,POLYKEN296FR-4INX36YD,FG01399,tapes,live source card: same source id + SAP + name,assets/products/1781154410-6a2a426a6a3dc.png
polyken-231-2in,POLYKEN 231-2IN,FG01461,tapes,live source card: same source id + SAP + name,assets/products/1781154347-6a2a422bae3b6.png
polyken108fr-black-48mm-2606071429-336,POLYKEN108FR-BLACK-48MM,FG00955,tapes,live source card: same source id + SAP + name,assets/products/1781154367-6a2a423f348a2.png
polyken231-1inx60yd-2606071429-761,POLYKEN231-1INX60YD,FG00956,tapes,live source card: same source id + SAP + name,assets/products/1781154386-6a2a4252860ec.png
p55-1inx25yd,P55-1INX25YD,FG00946,tapes,live source card: same source id + SAP + name,assets/products/1781087202-6a293be29ab63.png
p55b-2inx25yd,P55B-2INX25YD,FG00947,tapes,live source card: same source id + SAP + name,assets/products/1781087225-6a293bf906e98.png
p12l-3inx60yd,P12L-3INX60YD,FG00944,tapes,live source card: same source id + SAP + name,assets/products/1781087181-6a293bcd27103.png
p212-2inx36yd,P212-2INX36YD,FG01227,tapes,live source card: same source id + SAP + name,assets/products/1781087261-6a293c1d02ce4.png
ot-157tn-2inx60yd-2606071428-671,OT-157TN-2INX60YD,FG00943,tapes,live source card: same source id + SAP + name,assets/products/1781087106-6a293b8219499.png
p-421-25mm,P-421-25MM,FG01397,tapes,live source card: same source id + SAP + name,assets/products/1781087148-6a293bac29942.png
p423-125mmx33m,P423-12.5MMX33M,FG01577,tapes,live source card: same source id + SAP + name,assets/products/1781087277-6a293c2df1629.png
mogul-66n-19mmx15m,MOGUL-66N-19MMX15M,FG01615,tapes,live source card: same source id + SAP + name,assets/products/1781250402-6a2bb962d9614.png
mily1140c5,MILY1140=C5,FG01336,tapes,live source card: same source id + SAP + name,assets/products/1781250322-6a2bb912c9a68.png
kb647150-50mmx50mt,KB64/71/50-50MMX50MT,FG01566,tapes,live source card: same source id + SAP + name,assets/products/1781245656-6a2ba6d81966a.png
kb23-g75,KB23-G/75,FG01394,tapes,live source card: same source id + SAP + name,assets/products/1781252026-6a2bbfbab5974.png
gs21312,GS2131/2,FG00841,tapes,live source card: same source id + SAP + name,assets/products/1781251667-6a2bbe5392d34.png
gua1057-1-2606071355-712,GUA1057-1,FG01563,tapes,live source card: same source id + SAP + name,assets/products/1781251685-6a2bbe650a64d.png
flashbreaker1-2in,FLASHBREAKER1-2IN,FG01063,tapes,live source card: same source id + SAP + name,assets/products/1781242344-6a2b99e862a0b.png
flashbreaker5-1in,FLASHBREAKER5-1IN,FG00838,tapes,live source card: same source id + SAP + name,assets/products/1781242386-6a2b9a12b0b40.png
flashbreaker1-1in,FLASHBREAKER1-1IN,FG00836,tapes,live source card: same source id + SAP + name,assets/products/1781251314-6a2bbcf201a1f.png
flashbreaker2-2in,FLASHBREAKER2-2IN,FG00837,tapes,live source card: same source id + SAP + name,assets/products/1781251357-6a2bbd1d654a7.png
d9100-4in,D9100-4IN,FG00795,tapes,live source card: same source id + SAP + name,assets/products/1781248751-6a2bb2ef749c2.png
d9100-24in,D9100-24IN,FG01070,tapes,live source card: same source id + SAP + name,assets/products/1781267166-6a2bfade30261.png
at502-50mm,AT502-50MM,FG00739,tapes,live source card: same source id + SAP + name,assets/products/1781269007-6a2c020fae1ac.png
airweave-n10-60-50yds,"AIRWEAVE-N10-60""-50YDS",FG01602,tapes,live source card: same source id + SAP + name,assets/products/1781258707-6a2bd9d35bfc1.png
abs5006-4d-25mmx10m,ABS5006-4D (25MMX10M),FG01064,tapes,live source card: same source id + SAP + name,assets/products/1781258071-6a2bd7570b3d5.png
a810r0025h008sdy,A810R0025H008SDY,FG01062,tapes,live source card: same source id + SAP + name,assets/products/1781257441-6a2bd4e1db3a1.png
a810r0025h000sdy-2606071330-621,A810R0025H000SDY,FG00718,tapes,live source card: same source id + SAP + name,assets/products/1781349029-6a2d3aa56843d.png
a4000r148600-48x600,"A4000R148600-48""X600",FG01346,tapes,live source card: same source id + SAP + name,assets/products/1781349128-6a2d3b0830e44.png
a-a-52081-e4-500yds,A-A-52081-E4-500YDS,FG01087,tapes,live source card: same source id + SAP + name,assets/products/1781348886-6a2d3a166bfa2.png
3m8673-4in-2606071322-5,3M8673-4IN,FG00694,tapes,live source card: same source id + SAP + name,assets/products/1781262715-6a2be97bd0da6.png
3m8657dl-24inx36yd,3M8657DL-24INX36YD,FG01527,tapes,live source card: same source id + SAP + name,assets/products/1782207416-6a3a53b885850.png
3m8561-6in,3M8561-6IN,FG00693,tapes,live source card: same source id + SAP + name,assets/products/1781335693-6a2d068d3923c.png
3m471-white-50mm,3M471-WHITE-50MM,FG00691,tapes,live source card: same source id + SAP + name,assets/products/1781335314-6a2d0512efb55.png
3m853-1inx72yd,3M853-1INX72YD,FG01389,tapes,live source card: same source id + SAP + name,assets/products/1781335493-6a2d05c59af49.png
3m8681hs-2inx36yd,3M8681HS-2INX36YD,FG01185,tapes,live source card: same source id + SAP + name,assets/products/1781335808-6a2d07001714c.png
3m1104-48mmx50m,3M1104-48MMX50M,FG01565,tapes,live source card: same source id + SAP + name,assets/products/1781335538-6a2d05f292c74.png
3m27-19mmx20mm,3M27-19MMX20MM,FG01402,tapes,live source card: same source id + SAP + name,assets/products/1781335147-6a2d046b8bfe9.png
3m471-black-50mm,3M471-BLACK-50MM,FG00690,tapes,live source card: same source id + SAP + name,assets/products/1781335238-6a2d04c606d47.png
3m8671hs-4inx36yds,3M8671HS-4INX36YDS,FG01235,tapes,live source card: same source id + SAP + name,assets/products/1781335747-6a2d06c3a0e15.png
3m471-blue-50mm,3M471-BLUE-50MM,FG01067,tapes,live source card: same source id + SAP + name,assets/products/1781262667-6a2be94b3c2b5.png
3m-scotch70-1in,3M-SCOTCH70-1IN,FG01010,tapes,live source card: same source id + SAP + name,assets/products/1782207371-6a3a538b349b7.png
3m-5453-25mm,3M-5453-25MM,FG01206,tapes,live source card: same source id + SAP + name,assets/products/1781261675-6a2be56bafc07.png
3m851-2inx72yd,3M851-2INX72YD,FG01155,tapes,live source card: same source id + SAP + name,assets/products/1781262683-6a2be95b33075.png
3m863dl-4inx36yd,3M863DL-4INX36YD,FG01390,tapes,live source card: same source id + SAP + name,assets/products/1781262699-6a2be96bd9a26.png
3m-scotch33-34in,3M-SCOTCH33-3/4IN,FG01009,tapes,live source card: same source id + SAP + name,assets/products/1781261878-6a2be636d5040.png
3m-scotch27-19mm,3M-SCOTCH27-19MM,FG00686,tapes,live source card: same source id + SAP + name,assets/products/1782207286-6a3a53364ab0a.png
3m351,3M351,FG01245,tapes,live source card: same source id + SAP + name,assets/products/1781335206-6a2d04a66eb24.png
3m610-anti-skid-tape-12inx60ft,3M610 ANTI SKID TAPE-12INX60FT,FG01542,tapes,live source card: same source id + SAP + name,assets/products/1781335401-6a2d05693eb53.png
3m-8979-2in,3M-8979-2IN,FG01452,tapes,live source card: same source id + SAP + name,assets/products/1781353149-6a2d4abd32226.png
3m2308-25mmx50m-2606071320-406,3M2308-25MMX50M,FG01398,tapes,live source card: same source id + SAP + name,assets/products/1781335655-6a2d06675f309.png
3m-scotch-92-25mm,3M-SCOTCH 92-25MM,FG01581,tapes,live source card: same source id + SAP + name,assets/products/1781335069-6a2d041dd55b3.png
3m-4016-19mm,3M-4016-19MM,FG00687,tapes,live source card: same source id + SAP + name,assets/products/1781260805-6a2be205a68c6.png
3m-5421-4inx165mtr,3M-5421-4INX16.5MTR,FG01242,tapes,live source card: same source id + SAP + name,assets/products/1781261659-6a2be55b45b3f.png
3m-398fr-2in,3M-398FR-2IN,FG01136,tapes,live source card: same source id + SAP + name,assets/products/1781260626-6a2be1529dc42.png
3m-425-50mm,3M-425-50MM,FG00688,tapes,live source card: same source id + SAP + name,assets/products/1781260683-6a2be18b7cc23.png
3m-201e-48mmx50mm,3M-201E-48MMX50MM,FG01396,tapes,live source card: same source id + SAP + name,assets/products/1781260575-6a2be11f424e1.png
3m-30096-7100230888,3M-30096 (7100230888),FG00093,tapes,live source card: same source id + SAP + name,assets/products/1781261701-6a2be5852be6f.png
3m-950-2inx60yd,3M 950-2INX60YD,FG01528,tapes,live source card: same source id + SAP + name,assets/products/1781352939-6a2d49ebb910b.png
3m-1181-25mm,3M-1181-25MM,FG00683,tapes,live source card: same source id + SAP + name,assets/products/1781353012-6a2d4a348282e.png
39904-tape-12-inch-2606071318-99,39904 TAPE-1/2 INCH,FG01288,tapes,live source card: same source id + SAP + name,assets/products/1781342787-6a2d22430cfba.png
3m-471-yellow-2in,3M 471 YELLOW 2IN,FG01451,tapes,live source card: same source id + SAP + name,assets/products/1781352860-6a2d499c8a0cf.png
3m-8681hs-36173-med-dk-gray-6-in-x-36-yd,3M 8681HS 36173 MED DK GRAY 6 IN X 36 YD,FG01208,tapes,live source card: same source id + SAP + name,assets/products/1781260328-6a2be0281a5c0.png
3m-232-2in,3M 232-2IN,FG01450,tapes,live source card: same source id + SAP + name,assets/products/1782207120-6a3a529000c13.png
000w280-25mm,000W280-25MM,FG01106,tapes,live source card: same source id + SAP + name,assets/products/1781262908-6a2bea3c984d7.png
4516-12x36yd,"4516-1/2""X36YD",FG01614,tapes,live source card: same source id + SAP + name,assets/products/1781263945-6a2bee49c25ae.png
interplan-100sp-fine-200gram-tube-fg02235,INTERPLAN-100SP-FINE(200GRAM-TUBE),FG02235,sealants,live source card: same source id + SAP + name,assets/products/20260922111659-4SlOf2qMGd.jpg
rtv133-383gm-fg02232,RTV133-383GM,FG02232,sealants,live source card: same source id + SAP + name,assets/products/20260922114703-LGiXjQgdZT.jpg
pr1425cfb2-100ml-kit-fg02225,PR1425CFB2-100ML-KIT,FG02225,sealants,live source card: same source id + SAP + name,assets/products/20260929053630-7bQr7Uo3Qn.jpg
pr1826b2-654smkt-fg02222,PR1826B2-654SMKT,FG02222,sealants,live source card: same source id + SAP + name,assets/products/20260929053819-upqGtV87py.jpg
loctite5920-300ml-fg02213,LOCTITE5920-300ML,FG02213,sealants,live source card: same source id + SAP + name,assets/products/20260929053930-xjyZgMDjgu.jpg
pr1422b2-12oz-pt-fg02203,PR1422B2-12OZ PT,FG02203,sealants,live source card: same source id + SAP + name,assets/products/20260929054137-CvUEmcopEM.jpg
floorsil2-8-8-310ml-fg02197,FLOORSIL2-8.8-310ML,FG02197,sealants,live source card: same source id + SAP + name,assets/products/20260929054724-RAJNRPukA6.jpg
pr1440a2-654smkt-fg02193,PR1440A2-654SMKT,FG02193,sealants,live source card: same source id + SAP + name,assets/products/20260929054837-poTf60ENe4.jpg
pr1770c-2-150ml-smkt-fg02163,PR1770C-2-150ML-SMKT,FG02163,sealants,live source card: same source id + SAP + name,assets/products/20260929054933-ZlRdoPA9sM.jpg
gleitmo595-60gm-fg02151,GLEITMO595-60GM,FG02151,sealants,live source card: same source id + SAP + name,assets/products/20260929054312-p8MqiZhzNf.jpg
pr1826b-1-4-100ml-kit-fg02137,PR1826B-1/4-100ML-KIT,FG02137,sealants,live source card: same source id + SAP + name,assets/products/20260929054425-YGAWYPnbUz.jpg
ps870a2-654smkt-fg02129,PS870A2-654SMKT,FG02129,sealants,live source card: same source id + SAP + name,assets/products/20260929054553-sjfQIGktUg.jpg
pr1995b2-pintkit-fg02127,"PR1995B2, PINTKIT",FG02127,sealants,live source card: same source id + SAP + name,assets/products/20260929072358-fYq03QLijg.jpg
naftosealmc780-c2-130ml-fg02115,NAFTOSEALMC780-C2-130ML,FG02115,sealants,live source card: same source id + SAP + name,assets/products/20260929072458-Cy4c3TjFZA.jpg
rtv147-a-b-1-1kg-fg02112,RTV147 A/B-1.1KG,FG02112,sealants,live source card: same source id + SAP + name,assets/products/20260929072617-etomAogQ3N.jpg
ht3326-5-200-200ml-dkit-fg02083,HT3326-5-200(200ML-DKIT),FG02083,sealants,live source card: same source id + SAP + name,assets/products/20260929072901-1qvdPVdh1J.jpg
pr1432gp-ptkt-fg02082,PR1432GP(PTKT),FG02082,sealants,live source card: same source id + SAP + name,assets/products/20260929073024-Lvi9k7JvRt.jpg
pr184-250-ml-fg02075,PR184(250 ML),FG02075,sealants,live source card: same source id + SAP + name,assets/products/20260929073236-DmNdyNqHkV.jpg
pr1425cfb-1-2-100ml-smkt-fg02061,PR1425CFB-1/2 (100ML SMKT),FG02061,sealants,live source card: same source id + SAP + name,assets/products/20260929074921-HYzwRrOtTw.jpg
pr1770b1-2-100-ml-smkt-fg02057,PR1770B1/2(100 ML SMKT),FG02057,sealants,live source card: same source id + SAP + name,assets/products/20260929075020-8VkC5YwB05.jpg
ppg-pr1198-1-uspt-kit-fg02048,PPG PR1198(1-USPT-KIT),FG02048,sealants,live source card: same source id + SAP + name,assets/products/20260929075041-j0teNNYRdb.jpg
royco-44-1-75-lb-fg02036,ROYCO 44(1.75 LB),FG02036,sealants,live source card: same source id + SAP + name,assets/products/20260929075224-iESkgd4sFp.jpg
loctite-ea-960f-3usqt-kit-fg02025,LOCTITE EA 960F 3USQT KIT,FG02025,sealants,live source card: same source id + SAP + name,assets/products/20260929075453-v7Rk3sNBYb.jpg
pr-1826-a-1-2-6oz-fg02022,PR-1826 A-1/2-6OZ,FG02022,sealants,live source card: same source id + SAP + name,assets/products/20260929075625-ckHScM9FOQ.jpg
naftoseal-mc-216mb-2-105ml-fg02018,NAFTOSEAL MC-216MB-2-105ML,FG02018,sealants,live source card: same source id + SAP + name,assets/products/20260929091316-EipiZeeweZ.jpg
jet-lube-v-2-1lb-fg02003,JET LUBE V-2- 1LB,FG02003,sealants,live source card: same source id + SAP + name,assets/products/20260929091504-4MKoJMr1fu.jpg
pr148af-250ml-fg01994,PR148AF-250ML,FG01994,sealants,live source card: same source id + SAP + name,assets/products/20260929091619-KYtjGdhspm.jpg
mastinox-d40-160ml-fg01989,MASTINOX D40-160ML,FG01989,sealants,live source card: same source id + SAP + name,assets/products/20260929091731-67kNTQ2RhA.jpg
rp-2110-48-5ml-kit-fg01987,RP-2110-48.5ML KIT,FG01987,sealants,live source card: same source id + SAP + name,assets/products/20260929091906-yjPxQhG53A.jpg
rtv11-1-lb-fg01986,RTV11-1 LB,FG01986,sealants,live source card: same source id + SAP + name,assets/products/20260929092017-qlNJ43nh2z.jpg
v-711-5-oz-fg01973,V-711 5-OZ,FG01973,sealants,live source card: same source id + SAP + name,assets/products/20260929092135-aXIFt0n1ZH.jpg
pr1440b2-100-ml-fg01969,PR1440B2-100 ML,FG01969,sealants,live source card: same source id + SAP + name,assets/products/20260929092341-0yCEO8Sl61.jpg
novagardg635-150gm-fg01944,NOVAGARDG635-150GM,FG01944,sealants,live source card: same source id + SAP + name,assets/products/20260929092504-Si8C8g5ggO.jpg
ps890a2-6oz-smkt-fg01940,PS890A2-6OZ SMKT,FG01940,sealants,live source card: same source id + SAP + name,assets/products/20260929092619-vzH0iQGcQC.jpg
rtv730fs-90ml-fg01924,RTV730FS-90ML,FG01924,sealants,live source card: same source id + SAP + name,assets/products/20260929092752-ufjCHby9Dz.jpg
rtv-3110-1lb-base-fg01912,RTV 3110-1LB BASE,FG01912,sealants,live source card: same source id + SAP + name,assets/products/20260929092848-CTZFMg1GFo.jpg
dapco-2200-2-5oz-fg01911,DAPCO 2200-2.5OZ,FG01911,sealants,live source card: same source id + SAP + name,assets/products/20260930054506-8MC0382AVP.jpg
5774ac-50ml-d-kit-fg01907,5774AC-50ML-D KIT,FG01907,sealants,live source card: same source id + SAP + name,assets/products/20260930054704-XMOAGHQ53J.jpg
5774ac-1qt-kit-fg01906,5774AC-1QT KIT,FG01906,sealants,live source card: same source id + SAP + name,assets/products/20260930060335-9UyBJtNhBI.jpg
caf4-100gm-fg01896,CAF4-100GM,FG01896,sealants,live source card: same source id + SAP + name,assets/products/20260930060626-Ms3NStM5yx.jpg
elast0sila07-fg01887,ELAST0SILA07,FG01887,sealants,live source card: same source id + SAP + name,assets/products/20260930060801-MzQGVnb9W0.jpg
loctite-245-fg01882,LOCTITE 245,FG01882,sealants,live source card: same source id + SAP + name,assets/products/20260930060934-PLZgtsjujd.jpg
pr1829-b1-2-6oz-smkt-fg01873,PR1829 B1/2 - 6OZ SMKT,FG01873,sealants,live source card: same source id + SAP + name,assets/products/20260930061046-gsPx4SZ5dF.jpg
pr-1422-b1-2-fg01858,PR-1422 B1/2,FG01858,sealants,live source card: same source id + SAP + name,assets/products/20260930061110-eooq54ksvO.jpg
floorsil-2-fg01852,FLOORSIL-2,FG01852,sealants,live source card: same source id + SAP + name,assets/products/20260930061206-D17qlXnXic.jpg
dapco-2100-2-5oz-fg01849,DAPCO-2100-2.5OZ,FG01849,sealants,live source card: same source id + SAP + name,assets/products/20260930061409-SuZgm9zFuW.jpg
rtv88-1lbkit-fg01846,RTV88 -1LBKIT,FG01846,sealants,live source card: same source id + SAP + name,assets/products/20260930062218-mfV62yHuc1.jpg
pr1782a1-2-fg01845,PR1782A1/2,FG01845,sealants,live source card: same source id + SAP + name,assets/products/20260930062242-lmQdKg6Lji.jpg
pr1782-b1-2-fg01840,PR1782-B1/2,FG01840,sealants,live source card: same source id + SAP + name,assets/products/20260930062338-4waehYJ1Sy.jpg
pr1425-b1-2-fg01838,PR1425-B1/2,FG01838,sealants,live source card: same source id + SAP + name,assets/products/20260930062539-d2CsCVFtVT.jpg
loctite-7471-fg01832,LOCTITE-7471,FG01832,sealants,live source card: same source id + SAP + name,assets/products/20260930062924-awIzxUG34u.jpg
dc-q4-2817-fg01830,DC-Q4-2817,FG01830,sealants,live source card: same source id + SAP + name,assets/products/20260930063721-6fFyQ3VFkV.jpg
rtv615a-1-1lb-kit-fg01822,RTV615A-1.1LB KIT,FG01822,sealants,live source card: same source id + SAP + name,assets/products/20260930063839-7Qo0GOV1zR.jpg
pr1425b1-2-semkit-fg01810,PR1425B1/2-SEMKIT,FG01810,sealants,live source card: same source id + SAP + name,assets/products/20260930064007-dRwHGH7WJk.jpg
rtv738-3oz-fg01807,RTV738-3OZ,FG01807,sealants,live source card: same source id + SAP + name,assets/products/20260930064127-Udzu49N6oq.jpg
ps870b1-2-qt-fg01785,PS870B1/2-QT,FG01785,sealants,live source card: same source id + SAP + name,assets/products/20260930064222-Rfg0h9R9NH.jpg
alexit-fst-fuller-495-14-360gm-fg01783,ALEXIT-FST FULLER 495-14 360GM,FG01783,sealants,live source card: same source id + SAP + name,assets/products/20260930064323-OZl2rfbVuA.jpg
loctite-577-thread-sealent-fg01752,LOCTITE 577 THREAD SEALENT,FG01752,sealants,live source card: same source id + SAP + name,assets/products/20260930064421-ZqsyANdcnu.jpg
loctite-si-5910-fg01750,LOCTITE SI 5910,FG01750,sealants,live source card: same source id + SAP + name,assets/products/20260930064522-KaRAr6s5vb.jpg
pr1422a1-2-6oz-fg01719,PR1422A1/2-6OZ,FG01719,sealants,live source card: same source id + SAP + name,assets/products/20260930064842-v947l5Sz4G.jpg
pr1440c20-6oz-fg01717,PR1440C20-6OZ,FG01717,sealants,live source card: same source id + SAP + name,assets/products/20260929061219-oZJ2YkxO4Q.jpg
pr1005l-500ml-fg01713,PR1005L-500ML,FG01713,sealants,live source card: same source id + SAP + name,assets/products/20260929061355-TGjmNFDBhh.jpg
pr1422b1-2-pint-kit-fg01712,PR1422B1/2-PINT KIT,FG01712,sealants,live source card: same source id + SAP + name,assets/products/20260929061557-5hq8tsSU2f.jpg
3m-ec1252-5oz-fg01697,3M-EC1252-5OZ,FG01697,sealants,live source card: same source id + SAP + name,assets/products/20260929062332-J3wjrzytH4.jpg
ppg-dss4100a-fg01689,PPG DSS4100A,FG01689,sealants,live source card: same source id + SAP + name,assets/products/20260929062450-UnNxaMg8a4.jpg
pr1422a2-pt-fg01664,PR1422A2-PT,FG01664,sealants,live source card: same source id + SAP + name,assets/products/20260929062643-laWf6anC9B.jpg
ps890b2-pt-fg01663,PS890B2-PT,FG01663,sealants,live source card: same source id + SAP + name,assets/products/20260929061714-fkSPnSxbuh.jpg
ps870b2-pt-fg01662,PS870B2-PT,FG01662,sealants,live source card: same source id + SAP + name,assets/products/20260929061832-hYb3MMUhb6.jpg
pr1775b2-6oz-fg01654,PR1775B2-6OZ,FG01654,sealants,live source card: same source id + SAP + name,assets/products/20260929062151-qCc174S3ui.jpg
rtv141ab-11kg,RTV141A/B-1.1KG,FG01076,sealants,live source card: same source id + SAP + name,assets/products/20260930064959-gKCOPKsG0I.jpg
rtv736-300ml,RTV736-300ML,FG01003,sealants,live source card: same source id + SAP + name,assets/products/1781155543-6a2a46d7994de.png
rtv106q-828ml,RTV106Q-82.8ML,FG00993,sealants,live source card: same source id + SAP + name,assets/products/1781155453-6a2a467dd0c25.png
rtv108q-828ml-2606071435-498,RTV108Q-82.8ML,FG00994,sealants,live source card: same source id + SAP + name,assets/products/1781155473-6a2a46913bf4f.png
rtv732-white-300ml-2606071435-948,RTV732-WHITE-300ML,FG01274,sealants,live source card: same source id + SAP + name,assets/products/1781086156-6a2937ccb31b0.png
rtv6708-300ml,RTV6708-300ML,FG01001,sealants,live source card: same source id + SAP + name,assets/products/1781086197-6a2937f58aebd.png
rtv3145-clear-90ml-2606071435-469,RTV3145-CLEAR-90ML,FG01000,sealants,live source card: same source id + SAP + name,assets/products/1781086179-6a2937e37a4c0.png
pr2050b12-6oz,PR2050B1/2-6OZ,FG01243,sealants,live source card: same source id + SAP + name,assets/products/1781084846-6a2932ae7bdb1.png
ps870c48-100ml,PS870C48-100ML,FG00978,sealants,live source card: same source id + SAP + name,assets/products/1781155010-6a2a44c26c6c6.png
ps890b12-sk654,PS890B1/2-SK654,FG01125,sealants,live source card: same source id + SAP + name,assets/products/1781155056-6a2a44f036fad.png
ps870c12-semkit,PS870C12-SEMKIT,FG01532,sealants,live source card: same source id + SAP + name,assets/products/1781085169-6a2933f1e6218.png
ps890b2-500ml,PS890B2-500ML,FG01195,sealants,live source card: same source id + SAP + name,assets/products/1781085235-6a293433cef8a.png
pr1829b2-sk654,PR1829B2-SK654,FG01541,sealants,live source card: same source id + SAP + name,assets/products/1781084788-6a293274b6b1d.png
ps890a2-b1001,PS890A2-B1001,FG01147,sealants,live source card: same source id + SAP + name,assets/products/1781085214-6a29341ed810e.png
ps870b12-sk654-2606071433-154,PS870B1/2-SK654,FG00976,sealants,live source card: same source id + SAP + name,assets/products/1781085106-6a2933b231a7b.png
ps870b2-500ml-2606071432-281,PS870B2-500ML,FG00977,sealants,live source card: same source id + SAP + name,assets/products/1781085126-6a2933c699495.png
ps890a12-sk654,PS890A1/2-SK654,FG01520,sealants,live source card: same source id + SAP + name,assets/products/1781085193-6a29340939a29.png
pr1826b12-100ml,PR1826B1/2-100ML,FG00969,sealants,live source card: same source id + SAP + name,assets/products/1781084750-6a29324e08004.png
ps870b2-p1001,PS870B2-P1001,FG01124,sealants,live source card: same source id + SAP + name,assets/products/1781085151-6a2933df49ed6.png
pr1782c2-150ml,PR1782C2-150ML,FG00967,sealants,live source card: same source id + SAP + name,assets/products/1781084715-6a29322bb308c.png
pr1776mb12-100ml-semkit,PR1776MB1/2-100ML SEMKIT,FG01551,sealants,live source card: same source id + SAP + name,assets/products/1781084697-6a293219639a8.png
pr1782s-400ml,PR1782S-400ML,FG00968,sealants,live source card: same source id + SAP + name,assets/products/1781088070-6a293f46011e9.png
pr1782b2-150ml,PR1782B2-150ML,FG01463,sealants,live source card: same source id + SAP + name,assets/products/1781088040-6a293f2822132.png
pr1440b12-500ml,PR1440B1/2-500ML,FG00961,sealants,live source card: same source id + SAP + name,assets/products/1781087935-6a293ebf2af03.png
pr1828b12-100ml,PR1828B1/2-100ML,FG00970,sealants,live source card: same source id + SAP + name,assets/products/1781088134-6a293f86618b5.png
pr1772b2-100ml,PR1772B2-100ML,FG00964,sealants,live source card: same source id + SAP + name,assets/products/1781087989-6a293ef50f3d6.png
pr1440b2-500ml,PR1440B2-500ML,FG01068,sealants,live source card: same source id + SAP + name,assets/products/1781087964-6a293edcdfeaf.png
pr1773-b12-sem-kit,PR1773 B1/2-SEM KIT,FG01525,sealants,live source card: same source id + SAP + name,assets/products/1781088024-6a293f1834f65.png
pr1764mb2-1000,PR1764MB2-1000,FG01226,sealants,live source card: same source id + SAP + name,assets/products/1781154937-6a2a44793a3ec.png
pr1750b2-500ml,PR1750B2-500ML,FG00963,sealants,live source card: same source id + SAP + name,assets/products/1781154898-6a2a4452336d1.png
pr1773b2-100ml,PR1773B2-100ML,FG00965,sealants,live source card: same source id + SAP + name,assets/products/1781154961-6a2a44911073f.png
pr1776mb2-100ml,PR1776MB2-100ML,FG00966,sealants,live source card: same source id + SAP + name,assets/products/1781154983-6a2a44a70ade5.png
pr1440mb2-semkit,PR1440MB2-SEMKIT,FG01531,sealants,live source card: same source id + SAP + name,assets/products/1781154880-6a2a4440897a9.png
pr1440ma2-100ml-kit,PR1440MA2-100ML KIT,FG01530,sealants,live source card: same source id + SAP + name,assets/products/1781154863-6a2a442f78a46.png
pr1422a2-500ml,PR1422A2-500ML,FG00957,sealants,live source card: same source id + SAP + name,assets/products/1781154648-6a2a43587703a.png
pr1750b2-qt,PR1750B2-QT,FG01599,sealants,live source card: same source id + SAP + name,assets/products/1781154917-6a2a4465e7687.png
pr1440b12-100ml,PR1440B1/2-100ML,FG00960,sealants,live source card: same source id + SAP + name,assets/products/1781154846-6a2a441e3aed2.png
pr1425cf-b12-semkit,PR1425CF-B1/2-SEMKIT,FG01249,sealants,live source card: same source id + SAP + name,assets/products/1781087866-6a293e7a2db3f.png
pr1440b12-6oz,PR1440B1/2- 6OZ,FG01353,sealants,live source card: same source id + SAP + name,assets/products/1781087910-6a293ea68bb5b.png
pr1422b2-500ml,PR1422B2-500ML,FG00958,sealants,live source card: same source id + SAP + name,assets/products/1781087841-6a293e61b0642.png
pr1422b2-6oz,PR1422B2-6OZ,FG01445,sealants,live source card: same source id + SAP + name,assets/products/1781087821-6a293e4d08a31.png
pr1428b2-100ml,PR1428B2-100ML,FG00959,sealants,live source card: same source id + SAP + name,assets/products/1781087885-6a293e8d3f4dd.png
pr1440a12-150ml,PR1440A1/2-150ML,FG01529,sealants,live source card: same source id + SAP + name,assets/products/1781154750-6a2a43be21477.png
naftoseal-mc-780c12-55ml,NAFTOSEAL-MC-780C12-55ML,FG01108,sealants,live source card: same source id + SAP + name,assets/products/1781151536-6a2a37309a2af.png
naftoseal-mc780b2-130ml-kit,NAFTOSEAL-MC780B2-130ML KIT),FG00887,sealants,live source card: same source id + SAP + name,assets/products/1781107716-6a298c040b250.png
naftoseal-mc238a2-130ml-kit,NAFTOSEAL-MC238A2-(130ML KIT),FG00886,sealants,live source card: same source id + SAP + name,assets/products/1781107697-6a298bf110485.png
naftoseal-mc780a12-130ml-kit,NAFTOSEAL-MC780A1/2-(130ML KIT),FG00888,sealants,live source card: same source id + SAP + name,assets/products/1781151571-6a2a3753587af.png
molykote-m77-1kg,MOLYKOTE-M77-1KG,FG00885,sealants,live source card: same source id + SAP + name,assets/products/1781259685-6a2bdda5a96f1.png
molykote-g-rapid-plus-paste-50gm,MOLYKOTE-G-RAPID-PLUS-PASTE-50GM,FG00910,sealants,live source card: same source id + SAP + name,assets/products/1781259667-6a2bdd93aa402.png
molykote4-dc4-150gm,MOLYKOTE4 (DC4)-150GM,FG00798,sealants,live source card: same source id + SAP + name,assets/products/1781250549-6a2bb9f530c8a.png
mc780c12-130ml,MC780C12-130ML,FG01097,sealants,live source card: same source id + SAP + name,assets/products/1781249802-6a2bb70a4445f.png
mc780c2-130ml,MC780C2-130ML,FG01237,sealants,live source card: same source id + SAP + name,assets/products/1781259170-6a2bdba29d3cf.png
lapping-paste-medium-400gm-2606071358-188,LAPPING-PASTE-MEDIUM-400GM,FG00858,sealants,live source card: same source id + SAP + name,assets/products/1781252373-6a2bc11590b1d.png
hylomar-m-80ml-2606071356-759,HYLOMAR-M-80ML,FG00849,sealants,live source card: same source id + SAP + name,assets/products/1781251907-6a2bbf43b538d.png
hylomar-pl32l-100gm,HYLOMAR-PL32L-100GM,FG00952,sealants,live source card: same source id + SAP + name,assets/products/1781245523-6a2ba65393f72.png
ht3326-5-50,HT3326-5-50,FG01524,sealants,live source card: same source id + SAP + name,assets/products/1781244732-6a2ba33c97a2d.png
hylomar-af-85ml,HYLOMAR-AF-85ML,FG00850,sealants,live source card: same source id + SAP + name,assets/products/1781251890-6a2bbf3267f81.png
gs213-3,GS213-3,FG01443,sealants,live source card: same source id + SAP + name,assets/products/1781244319-6a2ba19fd6f4c.png
es2000-50ml-2606071353-316,ES2000-50ML,FG00682,sealants,live source card: same source id + SAP + name,assets/products/1781268385-6a2bffa15faad.png
elastosil-e41-90ml,ELASTOSIL-E41-90ML,FG00821,sealants,live source card: same source id + SAP + name,assets/products/1781249645-6a2bb66dcfbb5.png
elastosil-e43-90ml,ELASTOSIL-E43-90ML,FG00822,sealants,live source card: same source id + SAP + name,assets/products/1781268041-6a2bfe496a612.png
dapco2200-6oz,DAPCO2200-6OZ,FG01079,sealants,live source card: same source id + SAP + name,assets/products/1781248911-6a2bb38f656f5.png
dapco2100-6oz,DAPCO2100-6OZ,FG01078,sealants,live source card: same source id + SAP + name,assets/products/1781248895-6a2bb37f52242.png
dapco18-4f-200gm,DAPCO18-4F-200GM,FG01080,sealants,live source card: same source id + SAP + name,assets/products/1781248855-6a2bb3572144c.png
cs3204b12-pt,CS3204B1/2-PT,FG01557,sealants,live source card: same source id + SAP + name,assets/products/1781266995-6a2bfa33e4bf7.png
cs3204b2-6oz,CS3204B2-6OZ,FG01201,sealants,live source card: same source id + SAP + name,assets/products/1781267018-6a2bfa4a828fb.png
cho-bond-10381086,CHO-BOND 1038/1086,FG01370,sealants,live source card: same source id + SAP + name,assets/products/1781248564-6a2bb2347e26d.png
ca1010-160ml-2606071345-704,CA1010-160ML,FG00779,sealants,live source card: same source id + SAP + name,assets/products/1781242884-6a2b9c04c8a92.png
ca1000-130ml,CA1000-130ML,FG00778,sealants,live source card: same source id + SAP + name,assets/products/1781242853-6a2b9be573bc7.png
ac-350-b12-sem-6-oz,AC 350 B1/2 (SEM)-6 OZ,FG01588,sealants,live source card: same source id + SAP + name,assets/products/1781264437-6a2bf03533e6b.png
teepolb300-10kg,TEEPOLB300-10KG,FG01163,cleaners,live source card: same source id + SAP + name,assets/products/1781081926-6a292746817fd.png
purogene-1qt,PUROGENE-1QT,FG00979,cleaners,live source card: same source id + SAP + name,assets/products/1781155085-6a2a450d0762b.png
purogene-1gln,PUROGENE-1GLN,FG01232,cleaners,live source card: same source id + SAP + name,assets/products/1781085253-6a2934450d650.png
ppg-cn20-5l,PPG-CN20-5L,FG01156,cleaners,live source card: same source id + SAP + name,assets/products/1781087716-6a293de4e5aa3.png
p-d-410c-ty-ii,P-D-410C TY II,FG01538,cleaners,live source card: same source id + SAP + name,assets/products/1781087165-6a293bbd7fe61.png
molykote-s1002-400ml,MOLYKOTE-S1002-400ML,FG01212,cleaners,live source card: same source id + SAP + name,assets/products/1781250524-6a2bb9dc3ddf4.png
lpscfc03116-465ml,LPSCFC(03116)-465ML,FG00882,cleaners,live source card: same source id + SAP + name,assets/products/1781246838-6a2bab76e22ba.png
lps-a151-498ml-2606071401-145,LPS-A151-498ML,FG01331,cleaners,live source card: same source id + SAP + name,assets/products/1781257329-6a2bd471c344c.png
lectroetch250a-1qt,LECTROETCH250A-1QT,FG01578,cleaners,live source card: same source id + SAP + name,assets/products/1781252446-6a2bc15e10951.png
kilfrost-wwf-mod3-1l,KILFROST-WWF-MOD3-1L,FG00854,cleaners,live source card: same source id + SAP + name,assets/products/1781245687-6a2ba6f7dd865.png
glyco-san-1gl,GLYCO-SAN-1GL,FG00660,cleaners,live source card: same source id + SAP + name,assets/products/1781242789-6a2b9ba596ec1.png
hdl202-20l,HDL202-20L,FG00843,cleaners,live source card: same source id + SAP + name,assets/products/1781251703-6a2bbe77aa639.png
honeybee60-25l-2606071355-92,HONEYBEE60-25L,FG00845,cleaners,live source card: same source id + SAP + name,assets/products/1781251750-6a2bbea6d49c3.png
gardacid-p4325-25-ltr,GARDACID-P4325-25 LTR,FG01311,cleaners,live source card: same source id + SAP + name,assets/products/20260924103758-71C8Z1Bo84.jpg
diestone-dls-p28280-20l-p-1,DIESTONE DLS P28280-20L-P-1,FG01325,cleaners,live source card: same source id + SAP + name,assets/products/1781267531-6a2bfc4b0b199.png
diestone-dls-20l,DIESTONE-DLS-20L,FG00945,cleaners,live source card: same source id + SAP + name,assets/products/1781249152-6a2bb48084e34.png
diestone-a8284-20l,DIESTONE-A8284-20L,FG00803,cleaners,live source card: same source id + SAP + name,assets/products/1782213844-6a3a6cd4c8005.png
diestone-dls-1l,DIESTONE-DLS-1L,FG00804,cleaners,live source card: same source id + SAP + name,assets/products/1781267557-6a2bfc65996b2.png
cee-bee-a-954-25l,CEE BEE A-954-25L,FG01441,cleaners,live source card: same source id + SAP + name,assets/products/1781248507-6a2bb1fb3538a.png
calla1452-1glca,CALLA1452-1GL/CA,FG01313,cleaners,live source card: same source id + SAP + name,assets/products/1781243115-6a2b9ceb14651.png
calla-800-gl,CALLA 800-GL,FG01621,cleaners,live source card: same source id + SAP + name,assets/products/1781266344-6a2bf7a832f7f.png
c12910,C12910,FG00771,cleaners,live source card: same source id + SAP + name,assets/products/1781242835-6a2b9bd36ccc1.png
bonderite-c-ic624-1kg,BONDERITE-C-IC624-1KG,FG01539,cleaners,live source card: same source id + SAP + name,assets/products/1781265805-6a2bf58d7fb01.png
bacw10ub10,BACW10UB10,FG00242,cleaners,live source card: same source id + SAP + name,assets/products/1781269334-6a2c03561bdc4.png
asna2397kd10l-2606071340-609,ASNA2397KD10L,FG00226,cleaners,live source card: same source id + SAP + name,assets/products/1781261617-6a2be531b3f21.png
ardrox-9pr5-400ml,ARDROX-9PR5-400ML,FG00747,cleaners,live source card: same source id + SAP + name,assets/products/1781267518-6a2bfc3ead848.png
ardrox-5503-25l,ARDROX-5503-25L,FG00744,cleaners,live source card: same source id + SAP + name,assets/products/1781259388-6a2bdc7cabdbc.png
ardrox-3204-5gln,ARDROX 3204-5GLN,FG01216,cleaners,live source card: same source id + SAP + name,assets/products/1781259293-6a2bdc1dae5e1.png
ardrox-5502-25l,ARDROX-5502-25L,FG00743,cleaners,live source card: same source id + SAP + name,assets/products/1781259363-6a2bdc638e207.png
ardrox-6367-25l,ARDROX 6367-25L,FG01213,cleaners,live source card: same source id + SAP + name,assets/products/1782208994-6a3a59e2a4f49.png
ardrox-6025-25l,ARDROX-6025-25L,FG01110,cleaners,live source card: same source id + SAP + name,assets/products/1781267570-6a2bfc7217bb2.png
ardrox-6085-25l,ARDROX-6085-25L,FG00746,cleaners,live source card: same source id + SAP + name,assets/products/1781259430-6a2bdca6a94b5.png
acetic-acid-glacial-25l,ACETIC-ACID-GLACIAL-2.5L,FG00726,cleaners,live source card: same source id + SAP + name,assets/products/1781266201-6a2bf71980b7b.png
8u-desipak-264gm-8-pcspkt,8U- DESIPAK-264GM - 8 PCS/PKT,FG00713,cleaners,live source card: same source id + SAP + name,assets/products/1781255668-6a2bcdf4bea5e.png
4611375003-2606071323-326,4611375003,FG01284,cleaners,live source card: same source id + SAP + name,assets/products/1781348528-6a2d38b0c1a30.png
16u-desipak-528gm-5-pcspkt,16U-DESIPAK-528GM-5 PCS/PKT,FG00673,cleaners,live source card: same source id + SAP + name,assets/products/1781263383-6a2bec174e20f.png
13310,13310,FG01338,cleaners,live source card: same source id + SAP + name,assets/products/1781264002-6a2bee82ce3aa.png
16th-unit-desipak-5gmpkt,1/6TH UNIT DESIPAK-5GM/PKT,FG00664,cleaners,live source card: same source id + SAP + name,assets/products/1781268870-6a2c01861822b.png
d-5026ns-12oz-fg02239,D-5026NS-12OZ,FG02239,other,live source card: same source id + SAP + name,assets/products/20260922111442-mcpEL20mhC.jpg
a1000-1ltr-fg02237,A1000-1LTR,FG02237,other,live source card: same source id + SAP + name,assets/products/20260922111538-GQv2Spm26n.jpg
02-2972-21-fg02236,02-2972-21,FG02236,other,live source card: same source id + SAP + name,assets/products/20260922111637-21fBdmpDZx.jpg
3mac350b1-2-3-5oz-kit-fg02234,3MAC350B1/2-3.5OZ-KIT,FG02234,other,live source card: same source id + SAP + name,assets/products/20260922111419-RoidiWKjIP.jpg
a1000-hardener-5ltr-can-fg02231,A1000-HARDENER-5LTR-CAN,FG02231,other,live source card: same source id + SAP + name,assets/products/20260922113922-ckuBrjGKxC.jpg
70f1-0216m2n1-fg02229,70F1-0216M2N1,FG02229,other,live source card: same source id + SAP + name,assets/products/20260922114558-Yf3rNDRdT0.jpg
ks35cf-1-5ltr-kit-fg02224,KS35CF-1.5LTR-KIT,FG02224,other,live source card: same source id + SAP + name,assets/products/20260922121305-O66eCTzLeD.jpg
92051549-safety-plug-fg02219,92051549 SAFETY PLUG,FG02219,other,live source card: same source id + SAP + name,assets/products/20260923112820-wYYsboyhDz.jpg
1d21-10-24-20-d1-fg02218,1D21-10.24.20/D1,FG02218,other,live source card: same source id + SAP + name,assets/products/20260923112937-oiFxTgxjuM.jpg
02c16-10-24-20-c02-fg02217,02C16-10.24.20/C02,FG02217,other,live source card: same source id + SAP + name,assets/products/20261001091311-AwNIGaw39k.jpg
02b11-10-24-20-b02-fg02216,02B11-10.24.20/B02,FG02216,other,live source card: same source id + SAP + name,assets/products/20261005063513-EyUudEuMpS.jpg
02a6-10-24-20-a02-fg02215,02A6-10.24.20/A02,FG02215,other,live source card: same source id + SAP + name,assets/products/20261003073653-RrbjuxVZRz.jpg
1d-21-stainless-steel-fg02214,1D 21 STAINLESS STEEL,FG02214,other,live source card: same source id + SAP + name,assets/products/20261003074031-lkO3ZGDrBx.jpg
a1500-m-2665-5ltr-fg02212,A1500-M-2665-5LTR,FG02212,other,live source card: same source id + SAP + name,assets/products/20261003074217-zIy4jUkthD.jpg
a1500-m-2603-5ltr-fg02211,A1500-M-2603-5LTR,FG02211,other,live source card: same source id + SAP + name,assets/products/20261005062704-1XL2xtFKGc.jpg
araldite1570fsta-b-200ml-dualkit-fg02207,ARALDITE1570FSTA/B-200ML-DUALKIT,FG02207,other,live source card: same source id + SAP + name,assets/products/20261005062830-dVbJTKQPwM.jpg
acr-artex-3300-fg02206,ACR-ARTEX-3300,FG02206,other,live source card: same source id + SAP + name,assets/products/20261005063016-RQ8aF7L1uj.jpg
asto500-qt-fg02205,ASTO500-QT,FG02205,other,live source card: same source id + SAP + name,assets/products/20261005063239-EVuNiamBWg.jpg
bonderite-l-gpd85-1-1kg-fg02204,BONDERITE(L-GPD85-1)-1KG,FG02204,other,live source card: same source id + SAP + name,assets/products/20261005063356-BvnmJpKUOh.jpg
din65399-2412bf-fg02201,DIN65399-2412BF,FG02201,other,live source card: same source id + SAP + name,assets/products/20261005061918-13VCvfpGSe.jpg
57269-psd737-2-fqis-fg02199,57269/PSD737-2(FQIS),FG02199,other,live source card: same source id + SAP + name,assets/products/20261005061719-1lQae1mjB4.jpg
57268-psd737-1-fqis-fg02198,57268/PSD737-1(FQIS),FG02198,other,live source card: same source id + SAP + name,assets/products/20261005062510-FeFcAtzH29.jpg
454-4-1-ca-109-1glnkit-fg02192,454-4-1/CA-109-1GLNKIT,FG02192,other,live source card: same source id + SAP + name,assets/products/20261005063725-5yH1LsaDh4.jpg
69494j338-fg02191,69494J338,FG02191,other,live source card: same source id + SAP + name,assets/products/20261005063820-duww0R7F3x.jpg
69494j151-fg02190,69494J151,FG02190,other,live source card: same source id + SAP + name,assets/products/20261005063926-Mb0o3N1Yul.jpg
32595-1-fg02189,32595-1,FG02189,other,live source card: same source id + SAP + name,assets/products/20261005064034-JAJu9klYzq.jpg
32594-1-fg02188,32594-1,FG02188,other,live source card: same source id + SAP + name,assets/products/20261005064747-VGSsV0vC2m.jpg
3m8671-4inx26yd-fg02187,3M8671-4INX26YD,FG02187,other,live source card: same source id + SAP + name,assets/products/20261005064838-RfosEZlpsk.jpg
14f0285-202-fg02181,14F0285-202,FG02181,other,live source card: same source id + SAP + name,assets/products/20261005064426-BLLtEXfnLt.jpg
bonderitem-crt5900aero-5usgl-fg02180,BONDERITEM-CRT5900AERO-5USGL,FG02180,other,live source card: same source id + SAP + name,assets/products/20261005064534-bfzNHGlGJD.jpg
ca8000-b70180-kch0-5ltr-fg02179,CA8000/B70180-KCH0-5LTR,FG02179,other,live source card: same source id + SAP + name,assets/products/20261005064643-m66gD6c4yM.jpg
iso685w-s-fp200w-fg02177,ISO685W-S + FP200W,FG02177,other,live source card: same source id + SAP + name,assets/products/20261005064130-C8N7IKvTOK.jpg
3m470-1inchx36yd-fg02175,3M470-1INCHX36YD,FG02175,other,live source card: same source id + SAP + name,assets/products/20261005064231-AuK6Aa47Be.jpg
446-22-1002-x-530-1-usgl-kit-fg02174,446-22-1002/X-530-1-USGL-KIT,FG02174,other,live source card: same source id + SAP + name,assets/products/20261005064329-6OXQiL6w78.jpg
1a2580-32-2gln-kit-fg02172,1A2580-32-2GLN-KIT,FG02172,other,live source card: same source id + SAP + name,assets/products/20261005071820-WVIZU300lB.jpg
ardrox397-1hp-400ml-fg02171,ARDROX397/1HP-400ML,FG02171,other,live source card: same source id + SAP + name,assets/products/20261005073244-XdZqPj6sxo.jpg
989-6601-5usgl-fg02168,989-6601-5USGL,FG02168,other,live source card: same source id + SAP + name,assets/products/20261005073526-VdUa6mmSeO.jpg
asg58-400gm-fg02166,ASG58-400GM,FG02166,other,live source card: same source id + SAP + name,assets/products/20261005073638-nnrrSSi3iK.jpg
3m2517-24mmx60yd-fg02161,3M2517-24MMX60YD,FG02161,other,live source card: same source id + SAP + name,assets/products/20261005073909-9vZNz6XZ93.jpg
bms8-168ty2-3cl2st3k-70-pw-fg02158,"BMS8-168TY2, 3CL2ST3K-70-PW",FG02158,other,live source card: same source id + SAP + name,assets/products/20261005074037-duo7B4WbXt.jpg
infrared-thermometer-fg02141,INFRARED THERMOMETER,FG02141,other,live source card: same source id + SAP + name,assets/products/20261005074701-6uliS1R6fM.jpg
asne0244-28a0-fg00228,ASNE0244-28A0,FG00228,other,live source card: same source id + SAP + name,assets/products/20261001075910-LDTHBkaQUP.jpg
23116ag100le-fg00065,23116AG100LE,FG00065,other,live source card: same source id + SAP + name,assets/products/20261001090444-mUbtw5gdr6.jpg
22451bc060l-fg00062,22451BC060L,FG00062,other,live source card: same source id + SAP + name,assets/products/20261001090604-ad6knptO8W.jpg
dsr1196-1005,DSR1196-1005,FG01495,other,live source card: same source id + SAP + name,assets/products/1782214973-6a3a713d7ae92.png
rbg500-0027-4x500ft,"RBG500-0027""-4""X500FT",FG01401,other,live source card: same source id + SAP + name,assets/products/1781085377-6a2934c1f2eed.png
prosat-ps-850,PROSAT-PS-850,FG00975,other,live source card: same source id + SAP + name,assets/products/1781084908-6a2932ecd4720.png
plt1m-c702y-2606071429-938,PLT1M-C702Y,FG00954,other,live source card: same source id + SAP + name,assets/products/1781087606-6a293d765b087.png
p118-fabric-2606071428-425,P118-FABRIC,FG01343,other,live source card: same source id + SAP + name,assets/products/20261001090837-lMQzYjXHJ2.jpg
mil-c-5040h-tyiii-black-1000ft,MIL-C-5040H-TYIII-BLACK-1000FT,FG00893,other,live source card: same source id + SAP + name,assets/products/1781259299-6a2bdc238451a.png
mil-prf-121g-36x200yds,"MIL-PRF-121G-36""X200YDS",FG01342,other,live source card: same source id + SAP + name,assets/products/1781250130-6a2bb8523e071.png
mil-prf-22191-ty1-36inx100yds,MIL-PRF-22191-TY1-36INX100YDS,FG01223,other,live source card: same source id + SAP + name,assets/products/1781250154-6a2bb86a1bb2f.png
mil-prf-131k-ty1-cl1-48inx200yd,MIL-PRF-131K-TY1-CL1-48INX200YD,FG00897,other,live source card: same source id + SAP + name,assets/products/1781259441-6a2bdcb129060.png
mil-prf-121g-type-ii-36in,MIL-PRF-121G TYPE II-36IN,FG01460,other,live source card: same source id + SAP + name,assets/products/1781259373-6a2bdc6d49d24.png
mil-prf-131k-tyi-cl1-36inx200yd,MIL-PRF-131K-TYI-CL1-36INX200YD,FG01132,other,live source card: same source id + SAP + name,assets/products/1781259493-6a2bdce5087a0.png
mil-prf-131k-tyi-cl3-36inx200yd-2606071407-181,MIL-PRF-131K-TYI-CL3-36INX200YD,FG00898,other,live source card: same source id + SAP + name,assets/products/1781259545-6a2bdd193b4a1.png
lg-4cb125,LG-4CB125,FG01083,other,live source card: same source id + SAP + name,assets/products/1781252481-6a2bc181126c8.png
lint-free-cloth-25kg,LINT-FREE-CLOTH-2.5KG,FG00862,other,live source card: same source id + SAP + name,assets/products/1781252521-6a2bc1a929a07.png
lint-free-cloth-1kg,LINT-FREE-CLOTH-1KG,FG00861,other,live source card: same source id + SAP + name,assets/products/1781252505-6a2bc19916088.png
kraft-paper-12in,KRAFT PAPER-12IN,FG00856,other,live source card: same source id + SAP + name,assets/products/1781245743-6a2ba72fc991a.png
j16-6ter,J16-6TER,FG00299,other,live source card: same source id + SAP + name,assets/products/1781245595-6a2ba69b3a184.png
hermitex300-bhtx14-3,HERMITEX300-(BHTX14-3),FG00844,other,live source card: same source id + SAP + name,assets/products/1781251732-6a2bbe947e4ec.png
gr25a-0-200gy,GR25A-0-200GY,FG01395,other,live source card: same source id + SAP + name,assets/products/1781242842-6a2b9bda129fc.png
everlube-620d,EVERLUBE-620D,FG01251,other,live source card: same source id + SAP + name,assets/products/1781249989-6a2bb7c5236f3.png
edding-8404-black,EDDING-8404-BLACK,FG00820,other,live source card: same source id + SAP + name,assets/products/1781249630-6a2bb65e3fc26.png
dpt1000-002inx60inx1000ft-cf,DPT1000-.002INX60INX1000FT-CF,FG00807,other,live source card: same source id + SAP + name,assets/products/1781267677-6a2bfcddb4a95.png
cheese-cloth-aviation-grade,CHEESE-CLOTH-AVIATION-GRADE,FG00788,other,live source card: same source id + SAP + name,assets/products/1781248528-6a2bb21069d42.png
bonderite-m-cr-1132-aero-40ml-2606071344-156,BONDERITE-M-CR 1132-AERO-40ML,FG00765,other,live source card: same source id + SAP + name,assets/products/1781265845-6a2bf5b59384d.png
brown-fused-alumina-micro-grit-22o-25kg,BROWN FUSED ALUMINA MICRO GRIT 22O-25KG,FG01228,other,live source card: same source id + SAP + name,assets/products/1781266041-6a2bf67943534.png
av1-55-ex-hepa-w,AV1-55 EX HEPA W,FG01114,other,live source card: same source id + SAP + name,assets/products/1781261714-6a2be5924ee34.png
83317-1oz,83317-1OZ,FG01554,other,live source card: same source id + SAP + name,assets/products/1781343917-6a2d26adae0ab.png
780-414-400ml-2606071327-398,780-414-400ML,FG00711,other,live source card: same source id + SAP + name,assets/products/1781338472-6a2d11683959b.png
52r148600,52R148600,FG01273,other,live source card: same source id + SAP + name,assets/products/1781336672-6a2d0a603fe21.png
48-2f-40-wide-25ft-roll,48-2F-40 WIDE-25FT ROLL,FG01345,other,live source card: same source id + SAP + name,assets/products/1781255753-6a2bce497c481.png
48-2f-40in,48-2F-40IN,FG01454,other,live source card: same source id + SAP + name,assets/products/1781336634-6a2d0a3a93c2d.png
44404-2606071323-518,44404,FG00004,other,live source card: same source id + SAP + name,assets/products/1781343436-6a2d24cc23326.png
44729,44729,FG01442,other,live source card: same source id + SAP + name,assets/products/1781263333-6a2bebe511e24.png
3m-ec3524-ba-af-blue-4l,3M-EC3524 B/A-AF BLUE-4L,FG01190,other,live source card: same source id + SAP + name,assets/products/1781261835-6a2be60bd145a.png
320912rt-20ml-2606071318-110,320912RT-20ML,FG00679,other,live source card: same source id + SAP + name,assets/products/1781345455-6a2d2caf0953c.png
350a33214501-2606071318-899,350A33214501,FG00081,other,live source card: same source id + SAP + name,assets/products/1781262977-6a2bea817ba94.png
3463012004-htat-246-0-stk,3463012004 (HTAT-24/6-0-STK),FG00077,other,live source card: same source id + SAP + name,assets/products/1781263391-6a2bec1f5a285.png
320912rt-50ml,320912RT-50ML,FG00677,other,live source card: same source id + SAP + name,assets/products/1781263365-6a2bec053e9e6.png
2083009-2606071315-164,2083009,FG00010,other,live source card: same source id + SAP + name,assets/products/1781264681-6a2bf1297d542.png
2024-t3-alclad-sheet-0071in-x-48inx144in,2024-T3 ALCLAD SHEET-0.071IN X 48INX144IN,FG01567,other,live source card: same source id + SAP + name,assets/products/1781263921-6a2bee3101cfa.png
11800050,11800050,FG00666,other,live source card: same source id + SAP + name,assets/products/1781264790-6a2bf196986c9.png
hst11bj6-3-fg02240,HST11BJ6-3,FG02240,parts,live source card: same source id + SAP + name (test product),assets/products/20260922103048-0RXi8pRF97.jpg
fe151-000-42-fg02210,FE151-000-42,FG02210,parts,live source card: same source id + SAP + name (test product),assets/products/20260923060713-Glzo3d2njq.jpg
psd90-3-mm-fg02202,PSD90-3-MM,FG02202,parts,live source card: same source id + SAP + name (test product),assets/products/20260923060846-RtTb560NfF.jpg
pmnn4522-fg02164,PMNN4522,FG02164,parts,live source card: same source id + SAP + name (test product),assets/products/20260923060013-hZM9SwpNUy.jpg
ms16996-14-fg02146,MS16996-14,FG02146,parts,live source card: same source id + SAP + name (test product),assets/products/20260923060316-J1UAuf0jIi.jpg
